{"stats":{"minecraft:picked_up":{"minecraft:wheat_seeds":1,"minecraft:cooked_chicken":16,"fishofthieves:earthworms":4,"cataclysm:the_incinerator":1,"minecraft:dirt":16,"minecraft:cobblestone":4},"minecraft:custom":{"minecraft:time_since_rest":56378,"minecraft:play_time":56378,"minecraft:sprint_one_cm":12279,"minecraft:damage_taken":20,"minecraft:walk_one_cm":27411,"minecraft:sneak_time":36,"minecraft:drop":19,"minecraft:jump":132,"minecraft:leave_game":1,"minecraft:time_since_death":56378,"minecraft:total_world_time":56378,"minecraft:fly_one_cm":29105,"minecraft:fall_one_cm":3239},"minecraft:used":{"minecraft:cooked_chicken":1,"minecraft:dirt":15,"minecraft:cobblestone":3},"minecraft:mined":{"gravestone:gravestone":2,"minecraft:dirt":8},"minecraft:dropped":{"minecraft:dirt":8,"minecraft:wheat_seeds":2,"fishofthieves:earthworms":7,"cataclysm:the_incinerator":1,"minecraft:stick":1}},"DataVersion":3465}