{"stats":{"minecraft:used":{"minecraft:stone_sword":110,"minecraft:stone_pickaxe":20,"minecraft:wooden_pickaxe":7,"minecraft:crafting_table":4,"minecraft:white_bed":2,"minecraft:wooden_axe":94,"minecraft:apple":2,"minecraft:melon_slice":4,"minecraft:stone_axe":26,"minecraft:cobblestone":12,"minecraft:beef":6,"travelersbackpack:standard":13,"minecraft:porkchop":2,"minecraft:cooked_porkchop":6,"alexsmobs:animal_dictionary":1},"minecraft:custom":{"minecraft:interact_with_furnace":13,"minecraft:mob_kills":30,"minecraft:interact_with_crafting_table":15,"minecraft:leave_game":1,"minecraft:time_since_death":9454,"minecraft:climb_one_cm":3569,"minecraft:time_since_rest":9479,"minecraft:sprint_one_cm":286552,"minecraft:damage_taken":1065,"minecraft:walk_one_cm":279478,"minecraft:drop":15,"minecraft:damage_dealt":4616,"minecraft:swim_one_cm":17111,"minecraft:fly_one_cm":244464,"minecraft:open_chest":29,"minecraft:crouch_one_cm":3840,"minecraft:play_time":39357,"minecraft:deaths":2,"minecraft:sneak_time":623,"minecraft:walk_under_water_one_cm":9083,"minecraft:jump":1055,"minecraft:walk_on_water_one_cm":12078,"minecraft:total_world_time":39357,"minecraft:fall_one_cm":26658,"minecraft:inspect_dispenser":6},"minecraft:mined":{"minecraft:dark_oak_planks":5,"minecraft:white_bed":1,"minecraft:dark_oak_leaves":1,"minecraft:black_terracotta":3,"travelersbackpack:standard":2,"minecraft:crafting_table":3,"gravestone:gravestone":2,"minecraft:grass_block":2,"minecraft:melon":1,"minecraft:jungle_log":8,"minecraft:brown_mushroom_block":6,"minecraft:brown_concrete_powder":2,"minecraft:birch_log":7,"minecraft:iron_ore":7,"minecraft:birch_leaves":1,"minecraft:black_concrete":1,"minecraft:tnt":5,"minecraft:oak_log":45,"minecraft:coal_ore":2,"illagerinvasion:magic_fire":3,"minecraft:dirt":3,"minecraft:stone":6,"minecraft:tripwire":14,"minecraft:oak_leaves":1},"minecraft:dropped":{"minecraft:stone_sword":2,"minecraft:birch_sapling":3,"minecraft:cobblestone":6,"minecraft:white_bed":1,"travelersbackpack:standard":1,"minecraft:golden_apple":1,"minecraft:tipped_arrow":1,"minecraft:oak_sapling":8,"minecraft:wooden_pickaxe":1},"minecraft:crafted":{"minecraft:cooked_porkchop":8,"minecraft:crafting_table":1,"minecraft:wooden_pickaxe":1,"minecraft:birch_planks":28,"minecraft:stone_axe":1,"minecraft:white_wool":5,"minecraft:stick":4,"minecraft:iron_pickaxe":1,"minecraft:stone_pickaxe":1,"minecraft:wooden_axe":2,"minecraft:white_bed":2},"minecraft:killed":{"minecraft:pig":9,"alexsmobs:potoo":1,"alexsmobs:seal":2,"minecraft:spider":2,"minecraft:vindicator":3,"alexsmobs:tasmanian_devil":2,"illagerinvasion:basher":1,"creeperoverhaul:bamboo_creeper":3,"minecraft:sheep":2,"illagerinvasion:provoker":2,"minecraft:illusioner":1,"minecraft:cow":2},"minecraft:picked_up":{"minecraft:birch_log":7,"minecraft:crafting_table":3,"epicsamurai:spirit_upgrade_smithing_template":1,"minecraft:jungle_log":8,"minecraft:leather":1,"minecraft:brown_mushroom":5,"minecraft:oak_log":109,"minecraft:string":14,"minecraft:dirt":3,"minecraft:raw_copper":11,"minecraft:flint_and_steel":1,"minecraft:apple":2,"minecraft:beef":6,"minecraft:iron_ingot":3,"minecraft:jungle_sapling":3,"minecraft:iron_nugget":3,"minecraft:bamboo":4,"minecraft:melon_slice":4,"minecraft:birch_sapling":3,"minecraft:tipped_arrow":1,"minecraft:dark_oak_sapling":1,"minecraft:stick":11,"minecraft:raw_iron":7,"minecraft:black_terracotta":9,"minecraft:porkchop":15,"minecraft:brown_concrete_powder":5,"minecraft:white_bed":1,"minecraft:dark_oak_planks":42,"minecraft:tnt":5,"travelersbackpack:standard":3,"minecraft:stone_sword":3,"minecraft:arrow":2,"minecraft:black_concrete":1,"minecraft:granite":16,"minecraft:emerald":5,"minecraft:oak_sapling":9,"minecraft:mutton":4,"minecraft:coal":2,"minecraft:white_wool":2,"minecraft:cobblestone":52},"minecraft:broken":{"minecraft:wooden_axe":2},"minecraft:killed_by":{"minecraft:vindicator":1,"alexsmobs:grizzly_bear":1}},"DataVersion":3465}