{"stats":{"minecraft:broken":{"minecraft:stone_pickaxe":3,"minecraft:iron_pickaxe":4,"minecraft:wooden_axe":2},"minecraft:killed":{"minecraft:spider":3,"minecraft:vindicator":3,"illagerinvasion:marauder":1,"fishofthieves:islehopper":12,"alexsmobs:tasmanian_devil":2,"illagerinvasion:basher":1,"creeperoverhaul:bamboo_creeper":3,"minecraft:skeleton":3,"fishofthieves:wildsplash":3,"illagerinvasion:provoker":2,"minecraft:illusioner":1,"minecraft:tropical_fish":5,"minecraft:pig":9,"alexsmobs:grizzly_bear":1,"alexsmobs:skunk":1,"alexsmobs:potoo":1,"alexsmobs:seal":2,"epicsamurai:jorogumo":1,"minecraft:sheep":2,"minecraft:zombie":8,"tinyskeletons:baby_skeleton":1,"alexsmobs:flutter":1,"minecraft:cow":2},"minecraft:picked_up":{"minecraft:crafting_table":8,"farmersdelight:cabbage_rolls":4,"minecraft:clay_ball":232,"minecraft:brown_mushroom":5,"minecraft:wooden_pickaxe":1,"minecraft:chain":2,"gravestone:obituary":1,"minecraft:string":29,"minecraft:moss_carpet":12,"minecraft:raw_copper":35,"minecraft:flint_and_steel":1,"epicsamurai:jade":11,"minecraft:cobbled_deepslate":906,"minecraft:bucket":1,"minecraft:beef":6,"minecraft:player_head":1,"minecraft:jungle_sapling":3,"minecraft:iron_nugget":3,"minecraft:melon_slice":4,"minecraft:chest":1,"minecraft:birch_sapling":3,"minecraft:furnace":3,"minecraft:tipped_arrow":1,"minecraft:dark_oak_sapling":2,"minecraft:stick":13,"minecraft:raw_iron":89,"minecraft:oak_door":7,"minecraft:big_dripleaf":2,"minecraft:copper_ingot":1,"minecraft:torch":4,"minecraft:porkchop":15,"minecraft:brown_concrete_powder":5,"minecraft:diorite":14,"minecraft:redstone":186,"minecraft:dark_oak_planks":46,"minecraft:tnt":5,"minecraft:stone_sword":3,"minecraft:arrow":5,"minecraft:rotten_flesh":15,"minecraft:tropical_fish":4,"minecraft:glow_berries":1,"minecraft:mutton":4,"minecraft:rail":3,"minecraft:white_wool":2,"minecraft:cobblestone":230,"minecraft:birch_log":7,"epicsamurai:spirit_upgrade_smithing_template":1,"minecraft:glow_ink_sac":3,"minecraft:andesite":8,"minecraft:jungle_log":8,"minecraft:leather":1,"fishofthieves:grubs":1,"minecraft:tuff":88,"minecraft:oak_log":109,"galosphere:smooth_allurite":1,"minecraft:lapis_lazuli":66,"minecraft:dirt":15,"fishofthieves:wildsplash":5,"minecraft:bone":7,"minecraft:apple":2,"minecraft:wheat_seeds":1,"minecraft:raw_gold":28,"minecraft:spore_blossom":1,"minecraft:iron_ingot":27,"fishofthieves:earthworms":2,"epicsamurai:aquamarine":6,"minecraft:bamboo":4,"galosphere:raw_silver":17,"minecraft:moss_block":91,"epicsamurai:raw_silver":11,"minecraft:oak_planks":21,"minecraft:flowering_azalea":1,"epicsamurai:onyx":11,"minecraft:black_terracotta":9,"fishofthieves:islehopper":8,"minecraft:gravel":1,"minecraft:sand":23,"minecraft:ink_sac":1,"minecraft:white_bed":1,"minecraft:spider_eye":1,"travelersbackpack:standard":5,"minecraft:diamond":19,"minecraft:black_concrete":1,"minecraft:granite":16,"epicsamurai:jorogumo_eye":1,"minecraft:bread":7,"minecraft:emerald":6,"minecraft:oak_sapling":9,"epicsamurai:ruby":13,"minecraft:coal":101},"minecraft:custom":{"minecraft:mob_kills":69,"minecraft:interact_with_crafting_table":37,"minecraft:leave_game":4,"minecraft:time_since_death":524,"minecraft:climb_one_cm":8609,"minecraft:sprint_one_cm":504415,"minecraft:walk_one_cm":637935,"minecraft:damage_blocked_by_shield":403,"minecraft:drop":84,"minecraft:play_time":206628,"minecraft:sneak_time":3909,"minecraft:deaths":5,"minecraft:walk_under_water_one_cm":99926,"minecraft:jump":2518,"minecraft:interact_with_blast_furnace":1,"minecraft:walk_on_water_one_cm":49211,"minecraft:total_world_time":206628,"minecraft:interact_with_furnace":67,"minecraft:sleep_in_bed":1,"minecraft:time_since_rest":562,"minecraft:waystone_activated":1,"minecraft:damage_taken":2724,"minecraft:damage_dealt":9926,"minecraft:swim_one_cm":83741,"minecraft:fly_one_cm":413429,"minecraft:open_chest":99,"minecraft:crouch_one_cm":7891,"minecraft:fall_one_cm":44738,"minecraft:inspect_dispenser":6},"minecraft:dropped":{"minecraft:iron_ingot":42,"minecraft:moss_block":90,"minecraft:wheat_seeds":1,"minecraft:glow_ink_sac":3,"minecraft:spore_blossom":1,"minecraft:crafting_table":1,"minecraft:cobblestone":31,"travelersbackpack:standard":1,"minecraft:rail":3,"minecraft:golden_apple":1,"minecraft:iron_block":1,"minecraft:dirt":15,"minecraft:diorite":14,"minecraft:ink_sac":1,"epicsamurai:jorogumo_eye":1,"gravestone:obituary":3,"minecraft:flowering_azalea":1,"fishofthieves:grubs":1,"minecraft:redstone":123,"minecraft:bone":2,"minecraft:gravel":1,"minecraft:stone_axe":1,"minecraft:moss_carpet":12,"minecraft:player_head":1,"minecraft:stone_sword":2,"minecraft:cobbled_deepslate":707,"minecraft:tuff":88,"minecraft:birch_sapling":3,"minecraft:raw_iron":45,"minecraft:rotten_flesh":4,"minecraft:clay_ball":56,"minecraft:white_bed":1,"minecraft:big_dripleaf":2,"minecraft:tipped_arrow":1,"fishofthieves:earthworms":2,"minecraft:andesite":8,"minecraft:oak_sapling":8,"minecraft:spider_eye":1,"minecraft:stone_pickaxe":1,"minecraft:wooden_pickaxe":2},"minecraft:mined":{"minecraft:dark_oak_planks":5,"minecraft:tuff":100,"minecraft:white_bed":1,"epicsamurai:deepslate_onyx_ore":11,"minecraft:dark_oak_leaves":1,"minecraft:deepslate_diamond_ore":19,"minecraft:oak_door":7,"minecraft:black_terracotta":3,"minecraft:cave_vines_plant":1,"minecraft:glow_lichen":1,"minecraft:granite":20,"gravestone:gravestone":4,"epicsamurai:deepslate_ruby_ore":14,"minecraft:grass_block":2,"minecraft:jungle_log":8,"minecraft:brown_mushroom_block":6,"minecraft:moss_block":109,"epicsamurai:deepslate_jade_ore":11,"minecraft:redstone_ore":5,"minecraft:furnace":3,"minecraft:iron_ore":17,"minecraft:andesite":18,"minecraft:black_concrete":1,"minecraft:moss_carpet":6,"minecraft:deepslate_lapis_ore":6,"minecraft:cave_vines":2,"minecraft:deepslate_iron_ore":50,"minecraft:vine":2,"epicsamurai:deepslate_silver_ore":3,"illagerinvasion:magic_fire":3,"minecraft:stone":123,"minecraft:tripwire":14,"minecraft:deepslate_redstone_ore":27,"galosphere:deepslate_silver_ore":6,"minecraft:clay":53,"epicsamurai:deepslate_aquamarine_ore":6,"travelersbackpack:standard":2,"minecraft:torch":2,"minecraft:crafting_table":8,"minecraft:melon":1,"minecraft:chest":1,"galosphere:silver_ore":6,"minecraft:copper_ore":7,"minecraft:tall_grass":3,"minecraft:cobblestone":30,"minecraft:deepslate_gold_ore":28,"minecraft:lapis_ore":4,"minecraft:oak_planks":21,"minecraft:wall_torch":2,"minecraft:diorite":13,"minecraft:chain":2,"minecraft:brown_concrete_powder":2,"minecraft:birch_log":7,"minecraft:birch_leaves":1,"minecraft:tnt":5,"minecraft:grass":3,"minecraft:coal_ore":39,"minecraft:oak_log":45,"minecraft:gravel":1,"minecraft:dirt":5,"minecraft:sand":1,"minecraft:cobweb":13,"minecraft:oak_leaves":1,"minecraft:deepslate":889},"minecraft:used":{"minecraft:moss_block":1,"minecraft:stone_sword":110,"minecraft:tropical_fish":4,"farmersdelight:cabbage_rolls":4,"minecraft:shield":8,"minecraft:iron_sword":118,"minecraft:oak_door":7,"minecraft:torch":4,"travelersbackpack:iron":1,"minecraft:wooden_axe":94,"minecraft:beef":6,"minecraft:furnace":3,"fishofthieves:cooked_islehopper":6,"minecraft:water_bucket":3,"minecraft:stone_pickaxe":537,"minecraft:wooden_pickaxe":7,"minecraft:glow_berries":1,"minecraft:crafting_table":10,"minecraft:white_bed":2,"minecraft:apple":2,"minecraft:bread":7,"minecraft:melon_slice":4,"fishofthieves:wildsplash":5,"minecraft:iron_pickaxe":1014,"minecraft:stone_axe":52,"travelersbackpack:standard":18,"minecraft:cobblestone":24,"minecraft:porkchop":2,"minecraft:cooked_porkchop":9,"minecraft:bucket":4,"alexsmobs:animal_dictionary":1},"minecraft:killed_by":{"minecraft:vindicator":1,"minecraft:skeleton":1,"alexsmobs:grizzly_bear":2,"illagerinvasion:marauder":1},"minecraft:crafted":{"minecraft:oak_door":3,"minecraft:oak_planks":256,"travelersbackpack:iron":1,"minecraft:furnace":3,"minecraft:iron_boots":1,"minecraft:stone_pickaxe":5,"minecraft:diamond_sword":1,"minecraft:cooked_porkchop":8,"minecraft:crafting_table":4,"travelersbackpack:backpack_tank":2,"minecraft:wooden_pickaxe":2,"minecraft:iron_helmet":1,"minecraft:iron_sword":1,"minecraft:birch_planks":28,"minecraft:stone_axe":2,"minecraft:bread":3,"minecraft:air":0,"minecraft:white_wool":5,"minecraft:iron_chestplate":1,"minecraft:diamond_pickaxe":1,"minecraft:shield":1,"minecraft:stick":32,"minecraft:iron_ingot":79,"minecraft:iron_pickaxe":5,"minecraft:wooden_axe":2,"minecraft:iron_block":2,"minecraft:iron_leggings":1,"minecraft:white_bed":2,"minecraft:torch":4}},"DataVersion":3465}