{"stats":{"minecraft:crafted":{"minecraft:oak_door":3,"minecraft:oak_planks":256,"minecraft:furnace":2,"minecraft:iron_boots":1,"minecraft:stone_pickaxe":3,"minecraft:cooked_porkchop":8,"minecraft:crafting_table":2,"minecraft:wooden_pickaxe":1,"minecraft:iron_helmet":1,"minecraft:iron_sword":1,"minecraft:birch_planks":28,"minecraft:stone_axe":1,"minecraft:air":0,"minecraft:iron_chestplate":1,"minecraft:white_wool":5,"minecraft:shield":1,"minecraft:stick":24,"minecraft:iron_ingot":70,"minecraft:iron_pickaxe":4,"minecraft:wooden_axe":2,"minecraft:iron_block":2,"minecraft:iron_leggings":1,"minecraft:white_bed":2,"minecraft:torch":4},"minecraft:picked_up":{"minecraft:crafting_table":5,"farmersdelight:cabbage_rolls":4,"minecraft:clay_ball":124,"minecraft:brown_mushroom":5,"gravestone:obituary":1,"minecraft:string":16,"minecraft:moss_carpet":3,"minecraft:raw_copper":35,"epicsamurai:jade":11,"minecraft:flint_and_steel":1,"minecraft:cobbled_deepslate":635,"minecraft:bucket":1,"minecraft:beef":6,"minecraft:jungle_sapling":3,"minecraft:iron_nugget":3,"minecraft:melon_slice":4,"minecraft:birch_sapling":3,"minecraft:furnace":2,"minecraft:tipped_arrow":1,"minecraft:dark_oak_sapling":1,"minecraft:stick":11,"minecraft:raw_iron":87,"minecraft:oak_door":7,"minecraft:torch":3,"minecraft:porkchop":15,"minecraft:brown_concrete_powder":5,"minecraft:diorite":4,"minecraft:redstone":165,"minecraft:dark_oak_planks":45,"minecraft:tnt":5,"minecraft:stone_sword":3,"minecraft:arrow":4,"minecraft:rotten_flesh":7,"minecraft:tropical_fish":4,"minecraft:glow_berries":1,"minecraft:mutton":4,"minecraft:white_wool":2,"minecraft:cobblestone":113,"minecraft:birch_log":7,"epicsamurai:spirit_upgrade_smithing_template":1,"minecraft:glow_ink_sac":3,"minecraft:jungle_log":8,"minecraft:andesite":3,"minecraft:leather":1,"minecraft:tuff":66,"minecraft:oak_log":109,"fishofthieves:wildsplash":5,"minecraft:lapis_lazuli":35,"minecraft:dirt":3,"minecraft:bone":2,"minecraft:apple":2,"minecraft:wheat_seeds":1,"minecraft:raw_gold":15,"minecraft:spore_blossom":1,"minecraft:iron_ingot":3,"epicsamurai:aquamarine":6,"minecraft:bamboo":4,"galosphere:raw_silver":17,"minecraft:moss_block":16,"minecraft:flowering_azalea":1,"epicsamurai:raw_silver":10,"epicsamurai:onyx":10,"minecraft:black_terracotta":9,"fishofthieves:islehopper":8,"minecraft:gravel":1,"minecraft:ink_sac":1,"minecraft:white_bed":1,"minecraft:spider_eye":1,"travelersbackpack:standard":5,"minecraft:diamond":19,"minecraft:black_concrete":1,"epicsamurai:jorogumo_eye":1,"minecraft:granite":16,"minecraft:emerald":6,"minecraft:bread":7,"epicsamurai:ruby":13,"minecraft:oak_sapling":9,"minecraft:coal":64},"minecraft:used":{"minecraft:moss_block":1,"minecraft:stone_sword":110,"minecraft:tropical_fish":4,"farmersdelight:cabbage_rolls":4,"minecraft:shield":4,"minecraft:iron_sword":67,"minecraft:oak_door":7,"minecraft:torch":3,"minecraft:wooden_axe":94,"minecraft:beef":6,"minecraft:furnace":2,"minecraft:water_bucket":3,"minecraft:stone_pickaxe":136,"minecraft:wooden_pickaxe":7,"minecraft:glow_berries":1,"minecraft:crafting_table":7,"minecraft:white_bed":2,"minecraft:apple":2,"fishofthieves:wildsplash":5,"minecraft:bread":4,"minecraft:melon_slice":4,"minecraft:iron_pickaxe":858,"minecraft:stone_axe":35,"minecraft:cobblestone":24,"travelersbackpack:standard":17,"minecraft:cooked_porkchop":8,"minecraft:porkchop":2,"minecraft:bucket":4,"alexsmobs:animal_dictionary":1},"minecraft:broken":{"minecraft:stone_pickaxe":1,"minecraft:iron_pickaxe":3,"minecraft:wooden_axe":2},"minecraft:killed":{"minecraft:vindicator":3,"minecraft:spider":3,"illagerinvasion:marauder":1,"fishofthieves:islehopper":12,"alexsmobs:tasmanian_devil":2,"illagerinvasion:basher":1,"creeperoverhaul:bamboo_creeper":3,"minecraft:skeleton":1,"fishofthieves:wildsplash":3,"illagerinvasion:provoker":2,"minecraft:illusioner":1,"minecraft:tropical_fish":5,"minecraft:pig":9,"alexsmobs:potoo":1,"alexsmobs:seal":2,"epicsamurai:jorogumo":1,"minecraft:sheep":2,"alexsmobs:flutter":1,"minecraft:zombie":4,"minecraft:cow":2},"minecraft:killed_by":{"minecraft:vindicator":1,"minecraft:skeleton":1,"alexsmobs:grizzly_bear":1,"illagerinvasion:marauder":1},"minecraft:mined":{"minecraft:dark_oak_planks":5,"minecraft:tuff":67,"minecraft:white_bed":1,"epicsamurai:deepslate_onyx_ore":10,"minecraft:dark_oak_leaves":1,"minecraft:deepslate_diamond_ore":19,"minecraft:oak_door":7,"minecraft:black_terracotta":3,"gravestone:gravestone":3,"epicsamurai:deepslate_ruby_ore":14,"minecraft:grass_block":2,"minecraft:jungle_log":8,"minecraft:brown_mushroom_block":6,"minecraft:moss_block":13,"epicsamurai:deepslate_jade_ore":11,"minecraft:furnace":2,"minecraft:iron_ore":17,"minecraft:andesite":1,"minecraft:black_concrete":1,"minecraft:moss_carpet":1,"minecraft:deepslate_lapis_ore":6,"minecraft:cave_vines":2,"minecraft:deepslate_iron_ore":48,"epicsamurai:deepslate_silver_ore":2,"illagerinvasion:magic_fire":3,"minecraft:stone":59,"minecraft:tripwire":14,"minecraft:deepslate_redstone_ore":27,"galosphere:deepslate_silver_ore":6,"minecraft:torch":1,"travelersbackpack:standard":2,"epicsamurai:deepslate_aquamarine_ore":6,"minecraft:clay":26,"minecraft:crafting_table":5,"minecraft:melon":1,"galosphere:silver_ore":6,"minecraft:copper_ore":7,"minecraft:tall_grass":2,"minecraft:cobblestone":1,"minecraft:deepslate_gold_ore":15,"minecraft:diorite":1,"minecraft:wall_torch":2,"minecraft:brown_concrete_powder":2,"minecraft:birch_log":7,"minecraft:birch_leaves":1,"minecraft:tnt":5,"minecraft:grass":2,"minecraft:oak_log":45,"minecraft:coal_ore":2,"minecraft:dirt":3,"minecraft:sand":1,"minecraft:oak_leaves":1,"minecraft:deepslate":616},"minecraft:dropped":{"minecraft:moss_block":13,"minecraft:glow_ink_sac":3,"minecraft:cobblestone":28,"travelersbackpack:standard":1,"minecraft:golden_apple":1,"minecraft:dirt":3,"minecraft:diorite":4,"minecraft:ink_sac":1,"gravestone:obituary":3,"minecraft:flowering_azalea":1,"minecraft:bone":2,"minecraft:redstone":88,"minecraft:gravel":1,"minecraft:moss_carpet":2,"minecraft:stone_sword":2,"minecraft:cobbled_deepslate":504,"minecraft:tuff":66,"minecraft:birch_sapling":3,"minecraft:rotten_flesh":4,"minecraft:clay_ball":8,"minecraft:white_bed":1,"minecraft:tipped_arrow":1,"minecraft:andesite":3,"minecraft:oak_sapling":8,"minecraft:spider_eye":1,"minecraft:wooden_pickaxe":1},"minecraft:custom":{"minecraft:mob_kills":60,"minecraft:interact_with_crafting_table":26,"minecraft:leave_game":3,"minecraft:time_since_death":2439,"minecraft:climb_one_cm":5644,"minecraft:sprint_one_cm":387969,"minecraft:walk_one_cm":506636,"minecraft:damage_blocked_by_shield":148,"minecraft:drop":46,"minecraft:play_time":136579,"minecraft:deaths":4,"minecraft:sneak_time":3032,"minecraft:walk_under_water_one_cm":83286,"minecraft:jump":1929,"minecraft:walk_on_water_one_cm":36010,"minecraft:total_world_time":136579,"minecraft:interact_with_furnace":34,"minecraft:sleep_in_bed":1,"minecraft:time_since_rest":2568,"minecraft:damage_taken":2080,"minecraft:damage_dealt":7876,"minecraft:swim_one_cm":53687,"minecraft:fly_one_cm":337121,"minecraft:open_chest":55,"minecraft:crouch_one_cm":6509,"minecraft:fall_one_cm":39086,"minecraft:inspect_dispenser":6}},"DataVersion":3465}