{"stats":{"minecraft:picked_up":{"minecraft:wheat":173,"minecraft:azure_bluet":10,"minecraft:cherry_planks":3,"minecraft:flower_pot":4,"minecraft:yellow_wool":1,"minecraft:potato":341,"minecraft:oak_stairs":28,"minecraft:oak_log":49,"gravestone:obituary":2,"minecraft:dirt":690,"minecraft:string":2,"minecraft:bone":2,"minecraft:beetroot":6,"minecraft:apple":1,"minecraft:wheat_seeds":500,"minecraft:bell":1,"fishofthieves:earthworms":75,"minecraft:calcite":8,"minecraft:oak_planks":25,"miners_delight:squid":1,"minecraft:oak_slab":2,"minecraft:stick":25,"minecraft:pumpkin":16,"minecraft:oak_fence":6,"minecraft:torch":11,"minecraft:dandelion":8,"minecraft:poisonous_potato":8,"minecraft:cherry_log":126,"minecraft:carrot":911,"minecraft:cherry_fence_gate":2,"minecraft:pumpkin_seeds":60,"minecraft:mossy_cobblestone":15,"minecraft:yellow_carpet":3,"minecraft:beetroot_seeds":15,"minecraft:carved_pumpkin":18,"minecraft:cherry_sapling":82,"minecraft:oak_sapling":6,"minecraft:cherry_slab":1,"minecraft:coal":33,"minecraft:snowball":486,"minecraft:cobblestone":118},"minecraft:crafted":{"minecraft:cherry_planks":412,"minecraft:oak_planks":112,"minecraft:crafting_table":4,"minecraft:cherry_slab":54,"minecraft:iron_sword":1,"minecraft:bucket":3,"minecraft:oak_boat":1,"minecraft:iron_chestplate":1,"minecraft:shield":1,"minecraft:iron_axe":1,"minecraft:iron_hoe":1,"minecraft:stick":28,"minecraft:cherry_stairs":28,"minecraft:iron_pickaxe":1,"minecraft:oak_stairs":64,"minecraft:chest":5,"minecraft:snow_block":129,"minecraft:iron_shovel":3,"minecraft:torch":64,"minecraft:cherry_fence":12,"minecraft:shears":1,"minecraft:cherry_fence_gate":3},"minecraft:used":{"minecraft:calcite":5,"miners_delight:squid":1,"minecraft:wheat_seeds":243,"minecraft:cherry_sapling":81,"minecraft:water_bucket":77,"minecraft:iron_shovel":783,"minecraft:carved_pumpkin":18,"minecraft:snow_block":33,"minecraft:diamond_hoe":146,"minecraft:chest":5,"minecraft:shield":1,"minecraft:iron_sword":7,"minecraft:cherry_planks":168,"minecraft:iron_chestplate":1,"minecraft:torch":71,"minecraft:mossy_cobblestone":1,"minecraft:dirt":439,"minecraft:crafting_table":4,"minecraft:carrot":439,"minecraft:shears":16,"minecraft:pumpkin_seeds":21,"minecraft:iron_hoe":250,"minecraft:oak_log":2,"minecraft:apple":1,"minecraft:iron_axe":263,"minecraft:oak_stairs":29,"minecraft:cherry_slab":55,"minecraft:iron_pickaxe":184,"minecraft:cherry_fence_gate":4,"minecraft:cobblestone":7,"minecraft:cherry_stairs":27,"minecraft:oak_sapling":2,"minecraft:bucket":77,"minecraft:oak_boat":1,"minecraft:cherry_fence":12,"minecraft:potato":234,"minecraft:cherry_log":29,"minecraft:pumpkin":16},"minecraft:killed":{"minecraft:spider":1},"minecraft:broken":{"minecraft:iron_shovel":3,"minecraft:iron_axe":1,"minecraft:iron_hoe":1},"minecraft:killed_by":{"minecraft:skeleton":1,"minecraft:zombie":1,"guardvillagers:guard":1},"minecraft:mined":{"minecraft:oak_slab":2,"minecraft:glass_pane":6,"minecraft:oak_sapling":2,"minecraft:cherry_planks":3,"minecraft:mossy_cobblestone":9,"minecraft:oak_door":1,"minecraft:snow_block":149,"minecraft:cherry_log":138,"minecraft:cherry_sapling":8,"minecraft:dandelion":3,"minecraft:oak_fence":6,"minecraft:carved_pumpkin":18,"gravestone:gravestone":3,"minecraft:grass_block":440,"minecraft:calcite":9,"minecraft:yellow_carpet":3,"minecraft:tall_grass":1,"minecraft:cobblestone":49,"minecraft:oak_planks":25,"minecraft:wall_torch":4,"minecraft:cherry_slab":1,"minecraft:carrots":305,"minecraft:yellow_wool":1,"minecraft:wheat":211,"minecraft:snow":4,"minecraft:pumpkin":16,"minecraft:azure_bluet":4,"minecraft:grass":44,"minecraft:potatoes":97,"minecraft:potted_dandelion":1,"minecraft:oak_log":49,"minecraft:coal_ore":33,"minecraft:beetroots":6,"minecraft:dirt_path":116,"minecraft:oak_stairs":30,"minecraft:dirt":156,"minecraft:cherry_fence_gate":1,"minecraft:stone":72,"minecraft:white_wool":1,"minecraft:oak_leaves":2},"minecraft:dropped":{"minecraft:cherry_stairs":1,"minecraft:mossy_cobblestone":6,"minecraft:poisonous_potato":8,"minecraft:cherry_sapling":1,"minecraft:cobblestone":111,"minecraft:azure_bluet":1,"minecraft:yellow_carpet":3,"minecraft:cherry_fence_gate":1,"minecraft:flower_pot":4,"gravestone:obituary":2,"minecraft:calcite":3,"minecraft:dandelion":8},"minecraft:custom":{"minecraft:mob_kills":1,"minecraft:animals_bred":18,"minecraft:interact_with_crafting_table":30,"minecraft:leave_game":7,"minecraft:time_since_death":20676,"minecraft:sleep_in_bed":8,"minecraft:time_since_rest":635,"minecraft:waystone_activated":1,"minecraft:sprint_one_cm":438380,"minecraft:damage_taken":1450,"minecraft:walk_one_cm":657614,"minecraft:damage_blocked_by_shield":15,"minecraft:drop":21,"minecraft:damage_dealt":263,"minecraft:swim_one_cm":546,"minecraft:fly_one_cm":392913,"minecraft:play_time":291961,"minecraft:open_chest":64,"minecraft:crouch_one_cm":8958,"minecraft:sneak_time":2356,"minecraft:deaths":3,"minecraft:walk_under_water_one_cm":4692,"minecraft:jump":2138,"minecraft:walk_on_water_one_cm":26764,"minecraft:total_world_time":291961,"minecraft:fall_one_cm":55779}},"DataVersion":3465}