{"stats":{"minecraft:custom":{"minecraft:time_since_rest":19503,"minecraft:waystone_activated":1,"minecraft:sprint_one_cm":150993,"minecraft:damage_taken":162,"minecraft:walk_one_cm":174800,"minecraft:damage_dealt":20,"minecraft:interact_with_crafting_table":9,"minecraft:fly_one_cm":162893,"minecraft:open_chest":14,"minecraft:crouch_one_cm":3251,"minecraft:play_time":47952,"minecraft:walk_under_water_one_cm":623,"minecraft:sneak_time":791,"minecraft:jump":782,"minecraft:leave_game":1,"minecraft:time_since_death":47952,"minecraft:walk_on_water_one_cm":7734,"minecraft:sleep_in_bed":1,"minecraft:total_world_time":47952,"minecraft:fall_one_cm":23875},"minecraft:picked_up":{"minecraft:stick":15,"miners_delight:squid":1,"minecraft:azure_bluet":6,"minecraft:wheat":46,"minecraft:dandelion":5,"minecraft:poisonous_potato":2,"minecraft:potato":87,"minecraft:cherry_log":47,"minecraft:oak_log":28,"minecraft:carrot":117,"minecraft:dirt":192,"minecraft:apple":1,"minecraft:beetroot":6,"minecraft:beetroot_seeds":15,"minecraft:wheat_seeds":149,"minecraft:cherry_sapling":33,"fishofthieves:earthworms":14,"minecraft:oak_sapling":4},"minecraft:crafted":{"minecraft:oak_boat":1,"minecraft:oak_planks":112,"minecraft:iron_chestplate":1,"minecraft:iron_axe":1,"minecraft:crafting_table":2,"minecraft:stick":12,"minecraft:iron_hoe":1,"minecraft:iron_pickaxe":1,"minecraft:iron_sword":1,"minecraft:iron_shovel":2,"minecraft:bucket":3},"minecraft:mined":{"minecraft:carrots":47,"minecraft:wheat":59,"minecraft:cherry_log":54,"minecraft:cherry_sapling":2,"minecraft:dandelion":1,"minecraft:azure_bluet":3,"minecraft:grass":15,"minecraft:potatoes":30,"minecraft:grass_block":160,"minecraft:oak_log":28,"minecraft:beetroots":6,"minecraft:dirt_path":23,"minecraft:dirt":22,"minecraft:oak_leaves":2},"minecraft:used":{"minecraft:iron_hoe":202,"minecraft:wheat_seeds":71,"minecraft:cherry_sapling":33,"minecraft:water_bucket":33,"minecraft:apple":1,"minecraft:iron_shovel":175,"minecraft:iron_axe":85,"minecraft:iron_chestplate":1,"minecraft:dirt":148,"minecraft:crafting_table":2,"minecraft:carrot":72,"minecraft:bucket":33,"minecraft:oak_boat":1,"minecraft:potato":80}},"DataVersion":3465}