{"stats":{"minecraft:used":{"muffins_thaidelight:lime":9,"minecraft:cherry_sapling":120,"minecraft:iron_shovel":1033,"minecraft:carved_pumpkin":18,"minecraft:diamond_hoe":146,"minecraft:chest":6,"minecraft:shield":8,"minecraft:iron_sword":32,"minecraft:bell":1,"minecraft:iron_chestplate":1,"minecraft:torch":98,"minecraft:dirt":913,"minecraft:anvil":1,"minecraft:carrot":480,"minecraft:iron_hoe":250,"minecraft:iron_axe":410,"minecraft:oak_stairs":29,"minecraft:cherry_slab":55,"minecraft:cherry_fence_gate":4,"minecraft:diamond_chestplate":1,"minecraft:oak_sapling":2,"minecraft:potato":234,"minecraft:cherry_fence":12,"minecraft:cherry_log":29,"minecraft:pumpkin":16,"minecraft:calcite":5,"miners_delight:squid":1,"minecraft:wheat_seeds":243,"minecraft:water_bucket":141,"minecraft:snow_block":37,"minecraft:cherry_planks":168,"minecraft:mossy_cobblestone":1,"minecraft:crafting_table":5,"minecraft:shears":16,"minecraft:pumpkin_seeds":21,"minecraft:oak_log":2,"minecraft:apple":1,"minecraft:iron_pickaxe":249,"minecraft:fishing_rod":9,"minecraft:cobblestone":36,"minecraft:cherry_stairs":27,"minecraft:bucket":143,"minecraft:oak_boat":1,"minecraft:coarse_dirt":27,"minecraft:diamond_leggings":1},"minecraft:crafted":{"minecraft:cherry_planks":412,"minecraft:oak_planks":112,"minecraft:fishing_rod":1,"minecraft:cherry_slab":54,"minecraft:iron_axe":2,"minecraft:iron_hoe":1,"minecraft:cherry_stairs":28,"minecraft:chest":6,"minecraft:cherry_fence":12,"minecraft:cherry_fence_gate":3,"minecraft:crafting_table":5,"minecraft:iron_sword":1,"minecraft:bucket":3,"minecraft:oak_boat":1,"minecraft:iron_chestplate":1,"minecraft:shield":1,"minecraft:stick":40,"minecraft:iron_ingot":1,"minecraft:iron_pickaxe":1,"minecraft:oak_stairs":64,"minecraft:iron_block":3,"minecraft:snow_block":129,"minecraft:iron_shovel":4,"minecraft:anvil":1,"minecraft:torch":164,"minecraft:shears":1},"minecraft:dropped":{"minecraft:wheat_seeds":14,"minecraft:cherry_log":7,"minecraft:mossy_cobblestone":18,"minecraft:poisonous_potato":8,"minecraft:cobblestone":117,"minecraft:copper_ingot":1,"minecraft:yellow_carpet":3,"minecraft:cherry_fence_gate":1,"minecraft:stick":2,"minecraft:dirt":1,"gravestone:obituary":4,"minecraft:birch_log":15,"minecraft:bucket":1,"minecraft:dandelion":8,"minecraft:gravel":7,"alexsmobs:maggot":4,"minecraft:cherry_stairs":1,"minecraft:coarse_dirt":79,"minecraft:birch_sapling":1,"minecraft:cherry_sapling":1,"minecraft:oak_planks":8,"minecraft:azure_bluet":1,"minecraft:stone":13,"minecraft:flower_pot":4,"fishofthieves:earthworms":47,"minecraft:acacia_sapling":1,"minecraft:oak_sapling":1,"minecraft:calcite":7},"minecraft:picked_up":{"minecraft:coarse_dirt":132,"minecraft:wheat":173,"minecraft:azure_bluet":10,"minecraft:flower_pot":4,"minecraft:yellow_wool":1,"minecraft:oak_stairs":28,"gravestone:obituary":3,"minecraft:string":3,"minecraft:zombie_head":1,"minecraft:beetroot":6,"minecraft:bucket":1,"minecraft:calcite":12,"minecraft:birch_sapling":1,"minecraft:stick":49,"minecraft:stone":13,"minecraft:oak_fence":6,"minecraft:torch":11,"minecraft:acacia_log":8,"minecraft:cherry_log":195,"minecraft:carrot":915,"minecraft:cherry_fence_gate":2,"minecraft:rotten_flesh":3,"minecraft:beetroot_seeds":15,"minecraft:carved_pumpkin":18,"minecraft:cod":1,"minecraft:skeleton_skull":1,"minecraft:snowball":486,"minecraft:cobblestone":153,"minecraft:birch_log":30,"crabbersdelight:clawster":1,"minecraft:cherry_planks":3,"minecraft:potato":341,"minecraft:oak_log":72,"minecraft:dirt":919,"minecraft:bone":2,"minecraft:apple":1,"minecraft:wheat_seeds":502,"minecraft:bell":1,"muffins_thaidelight:papaya_log":3,"fishofthieves:earthworms":134,"minecraft:acacia_sapling":2,"minecraft:oak_planks":25,"minecraft:oak_slab":2,"miners_delight:squid":1,"minecraft:pumpkin":16,"minecraft:dandelion":8,"minecraft:gravel":7,"minecraft:poisonous_potato":8,"minecraft:mossy_cobblestone":21,"minecraft:pumpkin_seeds":60,"minecraft:yellow_carpet":3,"muffins_thaidelight:papaya":6,"muffins_thaidelight:lime":38,"minecraft:cherry_sapling":121,"alexsmobs:maggot":4,"minecraft:oak_sapling":8,"minecraft:cherry_slab":1,"minecraft:coal":53},"minecraft:mined":{"minecraft:oak_sapling":2,"minecraft:mossy_cobblestone":9,"minecraft:oak_door":1,"minecraft:cherry_log":208,"minecraft:cherry_sapling":10,"minecraft:carved_pumpkin":18,"gravestone:gravestone":3,"minecraft:acacia_log":8,"minecraft:grass_block":515,"minecraft:yellow_carpet":3,"muffins_thaidelight:papaya_log":3,"minecraft:carrots":305,"minecraft:snow":4,"minecraft:pumpkin":16,"minecraft:azure_bluet":4,"minecraft:potted_dandelion":1,"minecraft:potatoes":97,"minecraft:dirt_path":116,"minecraft:oak_stairs":30,"minecraft:stone":104,"minecraft:cherry_fence_gate":1,"minecraft:white_wool":1,"minecraft:oak_slab":2,"minecraft:glass_pane":6,"minecraft:cherry_planks":3,"minecraft:snow_block":149,"minecraft:dandelion":3,"minecraft:oak_fence":6,"minecraft:calcite":13,"minecraft:tall_grass":1,"minecraft:cobblestone":50,"minecraft:oak_planks":25,"minecraft:wall_torch":4,"minecraft:cherry_slab":1,"minecraft:coarse_dirt":114,"minecraft:yellow_wool":1,"minecraft:birch_log":30,"minecraft:wheat":211,"minecraft:grass":48,"minecraft:oak_log":73,"minecraft:coal_ore":61,"minecraft:beetroots":6,"minecraft:gravel":9,"minecraft:dirt":248,"minecraft:oak_leaves":2},"minecraft:custom":{"minecraft:interact_with_anvil":1,"minecraft:mob_kills":8,"minecraft:animals_bred":18,"minecraft:interact_with_crafting_table":45,"minecraft:bell_ring":1,"minecraft:leave_game":9,"minecraft:time_since_death":93986,"minecraft:climb_one_cm":2661,"minecraft:sprint_one_cm":691591,"minecraft:walk_one_cm":822148,"minecraft:damage_blocked_by_shield":248,"minecraft:drop":50,"minecraft:play_time":365271,"minecraft:deaths":3,"minecraft:sneak_time":9483,"minecraft:walk_under_water_one_cm":30608,"minecraft:jump":3305,"minecraft:interact_with_blast_furnace":6,"minecraft:walk_on_water_one_cm":36948,"minecraft:total_world_time":365271,"minecraft:interact_with_furnace":1,"minecraft:sleep_in_bed":10,"minecraft:time_since_rest":17855,"minecraft:waystone_activated":2,"minecraft:damage_taken":2194,"minecraft:damage_dealt":1436,"minecraft:swim_one_cm":8689,"minecraft:fly_one_cm":640418,"minecraft:open_chest":118,"minecraft:crouch_one_cm":42041,"minecraft:fish_caught":1,"minecraft:fall_one_cm":74370},"minecraft:killed":{"minecraft:spider":2,"minecraft:zombie":3,"creeperoverhaul:savannah_creeper":1},"minecraft:broken":{"minecraft:iron_shovel":4,"minecraft:iron_axe":1,"minecraft:iron_pickaxe":1,"minecraft:iron_hoe":1},"minecraft:killed_by":{"minecraft:skeleton":1,"minecraft:zombie":1,"guardvillagers:guard":1}},"DataVersion":3465}