{"stats":{"minecraft:picked_up":{"minecraft:lead":1,"cataclysm:the_incinerator":1},"minecraft:dropped":{"travelersbackpack:gold_tier_upgrade":2,"minecraft:enchanted_golden_apple":2,"minecraft:heart_of_the_sea":1,"travelersbackpack:iron_tier_upgrade":2,"minecraft:cooked_chicken":16,"travelersbackpack:blank_upgrade":2,"cataclysm:the_incinerator":1,"travelersbackpack:iron":2},"minecraft:custom":{"minecraft:time_since_rest":200901,"minecraft:crouch_one_cm":1602,"minecraft:play_time":225332,"minecraft:sprint_one_cm":15106,"minecraft:damage_taken":100,"minecraft:deaths":1,"minecraft:walk_one_cm":41414,"minecraft:sneak_time":3224,"minecraft:walk_under_water_one_cm":20487,"minecraft:interact_with_anvil":4,"minecraft:drop":13,"minecraft:jump":151,"minecraft:leave_game":8,"minecraft:time_since_death":200852,"minecraft:walk_on_water_one_cm":3734,"minecraft:total_world_time":225332,"minecraft:interact_with_crafting_table":1,"minecraft:talked_to_villager":1,"minecraft:fall_one_cm":1200,"minecraft:fly_one_cm":911963},"minecraft:used":{"minecraft:warden_spawn_egg":2,"minecraft:bedrock":29,"ironchests:netherite_chest":1,"minecraft:anvil":1,"minecraft:grass_block":11}},"DataVersion":3465}