{"stats":{"minecraft:broken":{"minecraft:stone_axe":1,"minecraft:wooden_axe":2},"minecraft:mined":{"minecraft:dark_oak_log":127,"minecraft:crafting_table":6,"gravestone:gravestone":3,"minecraft:cobblestone":1,"farmersdelight:wild_cabbages":9,"minecraft:sugar_cane":6,"minecraft:oak_planks":11,"minecraft:birch_planks":11,"farmersdelight:sandy_shrub":3,"minecraft:birch_log":69,"minecraft:grass":5,"minecraft:oak_log":96,"minecraft:sand":1,"minecraft:stone":11,"minecraft:oak_leaves":4},"minecraft:crafted":{"minecraft:oak_planks":52,"minecraft:crafting_table":1,"minecraft:wooden_pickaxe":1,"minecraft:birch_planks":276,"minecraft:stone_axe":2,"minecraft:wooden_hoe":1,"minecraft:stick":16,"minecraft:stone_pickaxe":1,"minecraft:wooden_axe":3,"minecraft:chest":13,"minecraft:oak_fence":18},"minecraft:picked_up":{"minecraft:birch_log":69,"minecraft:crafting_table":6,"minecraft:barrier":3,"illagerinvasion:platinum_chunk":1,"minecraft:lead":1,"minecraft:birch_planks":11,"minecraft:oak_log":96,"travelersbackpack:cow":1,"minecraft:apple":9,"minecraft:kelp":40,"farmersdelight:cabbage":3,"minecraft:sugar_cane":19,"minecraft:birch_sapling":15,"minecraft:oak_planks":11,"farmersdelight:cabbage_seeds":9,"minecraft:egg":2,"minecraft:dark_oak_sapling":4,"minecraft:stick":51,"minecraft:gravel":1,"minecraft:sand":1,"alexscaves:abyssal_altar":1,"minecraft:dark_oak_log":126,"travelersbackpack:standard":2,"minecraft:birch_sign":4,"cataclysm:the_incinerator":4,"minecraft:oak_sapling":52,"minecraft:cobblestone":12},"minecraft:killed_by":{"minecraft:zombie":1,"minecraft:drowned":1},"minecraft:used":{"minecraft:wheat_seeds":1,"minecraft:water_bucket":38,"minecraft:dirt_path":3,"minecraft:birch_planks":56,"betterfurnacesreforged:platinum_furnace":1,"minecraft:oak_planks":10,"farmersdelight:stove":2,"minecraft:wooden_pickaxe":12,"farmersdelight:cabbage":1,"alexscaves:abyssal_altar":2,"cataclysm:coral_bardiche":1,"minecraft:sugar_cane":19,"minecraft:glow_item_frame":1,"minecraft:dirt":14,"minecraft:soul_sand":5,"minecraft:sand":1,"minecraft:anvil":1,"minecraft:crafting_table":7,"minecraft:birch_sign":12,"minecraft:glass":178,"minecraft:warden_spawn_egg":2,"betterfurnacesreforged:steel_furnace":2,"minecraft:wooden_hoe":1,"minecraft:iron_hoe":1,"minecraft:wooden_axe":143,"minecraft:apple":9,"minecraft:grass_block":11,"minecraft:barrier":97,"nethersdelight:blackstone_blast_furnace":1,"cataclysm:altar_of_fire":1,"nethersdelight:blackstone_furnace":1,"minecraft:stone_axe":206,"minecraft:bedrock":29,"ironchests:netherite_chest":1,"minecraft:magma_block":5,"minecraft:cobblestone":1,"travelersbackpack:standard":2,"illagerinvasion:platinum_infused_hatchet":3,"minecraft:oak_sapling":6,"farmersdelight:cooking_pot":1,"betterfurnacesreforged:amethyst_furnace":1,"minecraft:egg":2,"minecraft:kelp":40,"minecraft:seagrass":4},"minecraft:dropped":{"minecraft:cooked_chicken":16,"cataclysm:the_incinerator":3,"farmersdelight:cabbage":2,"minecraft:barrier":2,"minecraft:enchanted_golden_apple":2,"travelersbackpack:iron_tier_upgrade":2,"travelersbackpack:standard":1,"travelersbackpack:iron":2,"travelersbackpack:gold_tier_upgrade":2,"illagerinvasion:platinum_chunk":1,"travelersbackpack:blank_upgrade":2,"gravestone:obituary":1,"minecraft:heart_of_the_sea":1},"minecraft:custom":{"minecraft:interact_with_furnace":6,"minecraft:interact_with_anvil":4,"minecraft:interact_with_crafting_table":13,"minecraft:interact_with_loom":1,"minecraft:leave_game":15,"minecraft:time_since_death":197128,"minecraft:climb_one_cm":41,"minecraft:waystone_activated":1,"minecraft:time_since_rest":197775,"minecraft:sprint_one_cm":302068,"minecraft:damage_taken":640,"minecraft:walk_one_cm":184542,"minecraft:drop":20,"minecraft:swim_one_cm":24123,"minecraft:talked_to_villager":1,"minecraft:fly_one_cm":1879592,"minecraft:open_chest":9,"minecraft:crouch_one_cm":8364,"minecraft:play_time":610222,"minecraft:deaths":4,"minecraft:sneak_time":7924,"minecraft:walk_under_water_one_cm":47880,"minecraft:jump":1089,"minecraft:walk_on_water_one_cm":32101,"minecraft:total_world_time":610222,"minecraft:fall_one_cm":10752}},"DataVersion":3465}