{"stats":{"minecraft:broken":{"minecraft:stone_axe":1,"minecraft:wooden_axe":2},"minecraft:picked_up":{"minecraft:birch_log":69,"minecraft:crafting_table":6,"minecraft:lead":1,"minecraft:birch_planks":11,"minecraft:oak_log":96,"travelersbackpack:cow":1,"minecraft:apple":9,"farmersdelight:cabbage":3,"minecraft:sugar_cane":19,"minecraft:birch_sapling":15,"minecraft:oak_planks":11,"farmersdelight:cabbage_seeds":9,"minecraft:egg":2,"minecraft:dark_oak_sapling":4,"minecraft:stick":51,"minecraft:dark_oak_log":126,"travelersbackpack:standard":2,"cataclysm:the_incinerator":1,"minecraft:oak_sapling":52,"minecraft:cobblestone":12},"minecraft:dropped":{"minecraft:cooked_chicken":16,"cataclysm:the_incinerator":1,"farmersdelight:cabbage":2,"minecraft:enchanted_golden_apple":2,"travelersbackpack:iron_tier_upgrade":2,"travelersbackpack:standard":1,"travelersbackpack:iron":2,"travelersbackpack:gold_tier_upgrade":2,"travelersbackpack:blank_upgrade":2,"gravestone:obituary":1,"minecraft:heart_of_the_sea":1},"minecraft:custom":{"minecraft:interact_with_furnace":4,"minecraft:interact_with_anvil":4,"minecraft:interact_with_crafting_table":13,"minecraft:interact_with_loom":1,"minecraft:leave_game":14,"minecraft:time_since_death":1382,"minecraft:climb_one_cm":41,"minecraft:time_since_rest":2029,"minecraft:sprint_one_cm":275681,"minecraft:damage_taken":620,"minecraft:walk_one_cm":148799,"minecraft:drop":16,"minecraft:swim_one_cm":22060,"minecraft:talked_to_villager":1,"minecraft:fly_one_cm":1476430,"minecraft:open_chest":9,"minecraft:crouch_one_cm":7005,"minecraft:play_time":414476,"minecraft:deaths":4,"minecraft:sneak_time":6304,"minecraft:walk_under_water_one_cm":26451,"minecraft:jump":970,"minecraft:walk_on_water_one_cm":18179,"minecraft:total_world_time":414476,"minecraft:fall_one_cm":9599},"minecraft:mined":{"minecraft:dark_oak_log":127,"minecraft:crafting_table":6,"gravestone:gravestone":2,"minecraft:cobblestone":1,"farmersdelight:wild_cabbages":9,"minecraft:sugar_cane":6,"minecraft:oak_planks":11,"minecraft:birch_planks":11,"farmersdelight:sandy_shrub":3,"minecraft:birch_log":69,"minecraft:grass":2,"minecraft:oak_log":96,"minecraft:stone":11,"minecraft:oak_leaves":4},"minecraft:used":{"minecraft:wheat_seeds":1,"minecraft:dirt_path":3,"minecraft:birch_planks":56,"minecraft:oak_planks":10,"farmersdelight:stove":2,"minecraft:wooden_pickaxe":12,"farmersdelight:cabbage":1,"minecraft:sugar_cane":19,"minecraft:anvil":1,"minecraft:crafting_table":7,"minecraft:warden_spawn_egg":2,"minecraft:wooden_hoe":1,"minecraft:iron_hoe":1,"minecraft:wooden_axe":143,"minecraft:apple":9,"minecraft:grass_block":11,"minecraft:stone_axe":206,"minecraft:bedrock":29,"ironchests:netherite_chest":1,"minecraft:cobblestone":1,"travelersbackpack:standard":2,"minecraft:oak_sapling":6,"farmersdelight:cooking_pot":1,"minecraft:egg":2},"minecraft:killed_by":{"minecraft:zombie":1,"minecraft:drowned":1},"minecraft:crafted":{"minecraft:oak_planks":52,"minecraft:crafting_table":1,"minecraft:wooden_pickaxe":1,"minecraft:birch_planks":276,"minecraft:stone_axe":2,"minecraft:wooden_hoe":1,"minecraft:stick":16,"minecraft:stone_pickaxe":1,"minecraft:wooden_axe":3,"minecraft:chest":13,"minecraft:oak_fence":18}},"DataVersion":3465}