{"stats":{"minecraft:picked_up":{"minecraft:lead":1,"travelersbackpack:standard":2,"travelersbackpack:cow":1,"cataclysm:the_incinerator":1},"minecraft:used":{"minecraft:warden_spawn_egg":2,"minecraft:iron_hoe":1,"minecraft:wheat_seeds":1,"minecraft:wooden_hoe":1,"minecraft:dirt_path":3,"minecraft:grass_block":11,"farmersdelight:stove":2,"minecraft:bedrock":29,"ironchests:netherite_chest":1,"minecraft:anvil":1,"travelersbackpack:standard":2,"farmersdelight:cooking_pot":1},"minecraft:mined":{"gravestone:gravestone":1},"minecraft:dropped":{"travelersbackpack:gold_tier_upgrade":2,"minecraft:cooked_chicken":16,"cataclysm:the_incinerator":1,"travelersbackpack:blank_upgrade":2,"minecraft:enchanted_golden_apple":2,"minecraft:heart_of_the_sea":1,"travelersbackpack:iron_tier_upgrade":2,"travelersbackpack:standard":1,"travelersbackpack:iron":2},"minecraft:custom":{"minecraft:time_since_rest":52078,"minecraft:interact_with_furnace":4,"minecraft:sprint_one_cm":107026,"minecraft:damage_taken":170,"minecraft:walk_one_cm":100249,"minecraft:interact_with_anvil":4,"minecraft:drop":14,"minecraft:talked_to_villager":1,"minecraft:swim_one_cm":686,"minecraft:interact_with_crafting_table":2,"minecraft:fly_one_cm":1350560,"minecraft:open_chest":9,"minecraft:crouch_one_cm":3580,"minecraft:interact_with_loom":1,"minecraft:play_time":357382,"minecraft:deaths":2,"minecraft:sneak_time":5591,"minecraft:walk_under_water_one_cm":25803,"minecraft:jump":526,"minecraft:leave_game":11,"minecraft:walk_on_water_one_cm":14388,"minecraft:time_since_death":52039,"minecraft:total_world_time":357382,"minecraft:climb_one_cm":41,"minecraft:fall_one_cm":3625}},"DataVersion":3465}