{"stats":{"minecraft:crafted":{"minecraft:oak_planks":52,"minecraft:crafting_table":1,"minecraft:stick":16,"minecraft:wooden_pickaxe":1,"minecraft:stone_pickaxe":1,"minecraft:wooden_axe":3,"minecraft:stone_axe":1},"minecraft:picked_up":{"minecraft:birch_log":69,"minecraft:crafting_table":5,"minecraft:stick":44,"minecraft:lead":1,"minecraft:oak_log":96,"travelersbackpack:standard":2,"minecraft:apple":8,"travelersbackpack:cow":1,"farmersdelight:cabbage":2,"cataclysm:the_incinerator":1,"minecraft:oak_sapling":52,"minecraft:sugar_cane":6,"minecraft:birch_sapling":15,"minecraft:oak_planks":11,"farmersdelight:cabbage_seeds":9,"minecraft:egg":2,"minecraft:cobblestone":12},"minecraft:used":{"minecraft:warden_spawn_egg":2,"minecraft:iron_hoe":1,"minecraft:wheat_seeds":1,"minecraft:wooden_axe":143,"minecraft:wooden_hoe":1,"minecraft:apple":8,"minecraft:dirt_path":3,"minecraft:grass_block":11,"minecraft:oak_planks":10,"farmersdelight:stove":2,"minecraft:wooden_pickaxe":12,"minecraft:stone_axe":65,"minecraft:cobblestone":1,"minecraft:bedrock":29,"ironchests:netherite_chest":1,"minecraft:anvil":1,"travelersbackpack:standard":2,"minecraft:crafting_table":5,"minecraft:oak_sapling":6,"minecraft:egg":2,"farmersdelight:cooking_pot":1},"minecraft:broken":{"minecraft:wooden_axe":2},"minecraft:killed_by":{"minecraft:zombie":1},"minecraft:mined":{"minecraft:birch_log":69,"minecraft:crafting_table":5,"gravestone:gravestone":2,"minecraft:grass":2,"minecraft:oak_log":96,"minecraft:cobblestone":1,"farmersdelight:wild_cabbages":9,"minecraft:stone":11,"minecraft:sugar_cane":2,"minecraft:oak_planks":11,"minecraft:oak_leaves":4,"farmersdelight:sandy_shrub":3},"minecraft:dropped":{"travelersbackpack:gold_tier_upgrade":2,"minecraft:cooked_chicken":16,"cataclysm:the_incinerator":1,"travelersbackpack:blank_upgrade":2,"gravestone:obituary":1,"minecraft:enchanted_golden_apple":2,"minecraft:heart_of_the_sea":1,"travelersbackpack:iron_tier_upgrade":2,"travelersbackpack:standard":1,"travelersbackpack:iron":2},"minecraft:custom":{"minecraft:time_since_rest":26033,"minecraft:interact_with_furnace":4,"minecraft:sprint_one_cm":227239,"minecraft:damage_taken":395,"minecraft:walk_one_cm":127478,"minecraft:interact_with_anvil":4,"minecraft:drop":15,"minecraft:talked_to_villager":1,"minecraft:swim_one_cm":20259,"minecraft:interact_with_crafting_table":7,"minecraft:fly_one_cm":1437548,"minecraft:open_chest":9,"minecraft:crouch_one_cm":3760,"minecraft:interact_with_loom":1,"minecraft:play_time":397947,"minecraft:deaths":3,"minecraft:sneak_time":5686,"minecraft:walk_under_water_one_cm":26391,"minecraft:jump":813,"minecraft:leave_game":12,"minecraft:walk_on_water_one_cm":17657,"minecraft:time_since_death":23463,"minecraft:total_world_time":397947,"minecraft:climb_one_cm":41,"minecraft:fall_one_cm":7298}},"DataVersion":3465}