{"stats":{"minecraft:used":{"epicsamurai:tetsubo":23,"minecraft:cherry_boat":1,"minecraft:oak_trapdoor":4,"minecraft:oak_fence":3,"minecraft:cherry_sapling":10,"minecraft:stone_shovel":89,"minecraft:poppy":1,"minecraft:chest":10,"minecraft:stone_hoe":102,"minecraft:torch":24,"minecraft:dirt":124,"minecraft:white_carpet":1,"minecraft:carrot":337,"minecraft:azure_bluet":3,"minecraft:oak_fence_gate":3,"farmersdelight:rope":2,"minecraft:glass":24,"minecraft:wooden_axe":192,"minecraft:iron_axe":258,"minecraft:oak_stairs":126,"minecraft:cherry_slab":69,"minecraft:birch_sapling":3,"minecraft:cherry_trapdoor":8,"minecraft:furnace":2,"betterfurnacesreforged:cobblestone_generator":1,"minecraft:potato":3,"minecraft:cherry_log":7,"minecraft:calcite":86,"minecraft:wheat_seeds":29,"minecraft:cooked_mutton":6,"minecraft:water_bucket":5,"minecraft:birch_planks":62,"minecraft:stripped_birch_log":6,"minecraft:stone_pickaxe":264,"minecraft:oak_planks":12,"minecraft:wooden_pickaxe":8,"minecraft:composter":2,"minecraft:oak_slab":59,"minecraft:crafting_table":8,"alexscaves:cave_book":2,"minecraft:magenta_bed":1,"minecraft:blast_furnace":1,"minecraft:white_bed":6,"minecraft:birch_fence":3,"minecraft:oak_log":79,"minecraft:apple":10,"minecraft:bread":4,"minecraft:iron_pickaxe":242,"minecraft:leather_helmet":1,"minecraft:stone_axe":205,"minecraft:fishing_rod":20,"minecraft:cobblestone":95,"minecraft:bucket":7,"minecraft:birch_log":62,"minecraft:yellow_bed":1,"minecraft:oak_boat":2,"galosphere:lumiere_block":7,"minecraft:dandelion":2,"minecraft:bone_meal":1},"minecraft:custom":{"minecraft:mob_kills":17,"minecraft:animals_bred":5,"minecraft:interact_with_crafting_table":75,"minecraft:leave_game":4,"minecraft:time_since_death":114046,"minecraft:climb_one_cm":1015,"minecraft:sprint_one_cm":584082,"minecraft:walk_one_cm":1415135,"minecraft:drop":33,"minecraft:talked_to_villager":1,"minecraft:play_time":309657,"minecraft:deaths":8,"minecraft:sneak_time":16631,"minecraft:walk_under_water_one_cm":10362,"minecraft:boat_one_cm":49022,"minecraft:jump":6070,"minecraft:interact_with_blast_furnace":34,"minecraft:walk_on_water_one_cm":15929,"minecraft:total_world_time":309657,"minecraft:interact_with_furnace":37,"minecraft:interact_with_loom":4,"minecraft:sleep_in_bed":20,"minecraft:time_since_rest":14324,"minecraft:waystone_activated":1,"minecraft:damage_taken":3328,"minecraft:damage_dealt":3442,"minecraft:player_kills":1,"minecraft:swim_one_cm":21083,"minecraft:fly_one_cm":1355043,"minecraft:open_chest":265,"minecraft:crouch_one_cm":64007,"minecraft:fish_caught":13,"minecraft:fall_one_cm":191339},"minecraft:mined":{"galosphere:glinted_allurite_cluster":3,"minecraft:white_bed":5,"minecraft:mossy_cobblestone":3,"minecraft:cherry_log":142,"minecraft:stripped_birch_log":6,"minecraft:stripped_cherry_log":1,"gravestone:gravestone":7,"minecraft:grass_block":58,"minecraft:hay_block":2,"farmersdelight:wild_onions":9,"galosphere:lumiere_block":27,"minecraft:furnace":1,"minecraft:carrots":120,"minecraft:iron_ore":13,"minecraft:azure_bluet":9,"minecraft:potatoes":3,"farmersdelight:rope":1,"minecraft:oak_stairs":85,"minecraft:stripped_oak_log":1,"minecraft:stone":237,"minecraft:oak_slab":19,"minecraft:glass_pane":1,"minecraft:dandelion":1,"minecraft:powder_snow":10,"minecraft:torch":2,"minecraft:calcite":108,"minecraft:poppy":1,"minecraft:tall_grass":44,"minecraft:cobblestone":29,"minecraft:sugar_cane":2,"minecraft:oak_planks":34,"minecraft:wall_torch":8,"minecraft:cherry_slab":3,"minecraft:pink_petals":1,"galosphere:allurite_block":11,"minecraft:birch_planks":11,"minecraft:birch_log":74,"minecraft:wheat":12,"minecraft:white_carpet":2,"minecraft:yellow_bed":1,"minecraft:grass":187,"minecraft:oak_log":164,"minecraft:coal_ore":49,"minecraft:gravel":8,"minecraft:sand":89,"minecraft:dirt":179,"minecraft:cobweb":4,"minecraft:oak_leaves":10},"minecraft:dropped":{"minecraft:lead":1,"gravestone:obituary":11,"minecraft:paper":3,"minecraft:white_wool":13,"minecraft:dandelion":1,"alexsmobs:animal_dictionary":2,"alexscaves:cave_tablet":3,"minecraft:carrot":46,"alexscaves:cave_book":2,"fishofthieves:earthworms":2,"minecraft:spider_eye":5},"minecraft:crafted":{"minecraft:cherry_planks":100,"minecraft:oak_planks":316,"minecraft:smooth_stone":7,"minecraft:stone_shovel":1,"betterfurnacesreforged:cobblestone_generator":1,"minecraft:fishing_rod":1,"minecraft:cherry_slab":108,"minecraft:furnace":2,"minecraft:blast_furnace":1,"minecraft:cherry_boat":1,"minecraft:stone":7,"minecraft:cooked_mutton":6,"minecraft:oak_trapdoor":4,"minecraft:cherry_trapdoor":8,"minecraft:glass":24,"epicsamurai:tetsubo":1,"minecraft:iron_axe":1,"minecraft:stone_pickaxe":2,"minecraft:chest":10,"minecraft:stone_hoe":1,"betterfurnacesreforged:fuel_verifier":1,"minecraft:magenta_dye":1,"minecraft:oak_fence":6,"minecraft:wheat":18,"minecraft:coal_block":1,"epicsamurai:katana_handle":1,"minecraft:oak_slab":54,"minecraft:magenta_bed":1,"minecraft:crafting_table":8,"minecraft:wooden_pickaxe":1,"minecraft:bucket":3,"minecraft:birch_planks":168,"minecraft:stone_axe":3,"minecraft:bread":4,"minecraft:air":0,"minecraft:oak_fence_gate":4,"minecraft:oak_boat":2,"minecraft:gold_nugget":9,"minecraft:birch_fence":3,"minecraft:stick":24,"minecraft:iron_ingot":93,"minecraft:iron_pickaxe":1,"minecraft:oak_stairs":120,"minecraft:wooden_axe":3,"minecraft:white_bed":2,"minecraft:composter":2,"epicsamurai:steel_ingot":19,"minecraft:torch":24,"minecraft:shears":1},"minecraft:killed":{"minecraft:cave_spider":3,"alexsmobs:tiger":1,"minecraft:spider":2,"minecraft:skeleton":1,"minecraft:chicken":1,"minecraft:creeper":2,"minecraft:sheep":1,"tinyskeletons:baby_skeleton":1,"minecraft:zombie":1,"minecraft:cow":4},"minecraft:picked_up":{"minecraft:wheat":12,"minecraft:allium":23,"minecraft:azure_bluet":12,"minecraft:chicken":6,"minecraft:lead":5,"alexscaves:cave_tablet":4,"minecraft:oak_stairs":77,"minecraft:potion":1,"minecraft:stripped_cherry_log":1,"gravestone:obituary":6,"minecraft:cornflower":1,"minecraft:string":13,"minecraft:white_carpet":2,"minecraft:pufferfish":1,"minecraft:diamond_leggings":1,"minecraft:beef":7,"minecraft:oak_boat":1,"minecraft:calcite":105,"minecraft:poppy":1,"minecraft:sugar_cane":13,"minecraft:birch_sapling":21,"minecraft:furnace":1,"minecraft:stick":121,"minecraft:raw_iron":13,"minecraft:torch":15,"minecraft:bowl":1,"crabbersdelight:clam":1,"minecraft:cherry_log":178,"minecraft:carrot":444,"minecraft:arrow":3,"minecraft:rotten_flesh":3,"minecraft:tropical_fish":1,"farmersdelight:onion":10,"minecraft:hay_block":2,"minecraft:mutton":8,"minecraft:cod":6,"minecraft:cobblestone":252,"minecraft:white_wool":21,"minecraft:stripped_oak_log":1,"minecraft:birch_log":104,"minecraft:pink_petals":2,"minecraft:feather":6,"minecraft:salmon":4,"minecraft:leather":4,"minecraft:potato":6,"minecraft:birch_planks":12,"alexscaves:cave_book":2,"fishofthieves:grubs":3,"minecraft:oak_log":181,"minecraft:lily_pad":1,"minecraft:yellow_bed":1,"minecraft:paper":5,"epicsamurai:iron_ninja_chestplate":1,"minecraft:lapis_lazuli":2,"minecraft:dirt":220,"minecraft:stripped_birch_log":6,"galosphere:lumiere_shard":20,"minecraft:bone":5,"minecraft:apple":12,"minecraft:wheat_seeds":54,"minecraft:iron_ingot":7,"fishofthieves:earthworms":21,"galosphere:allurite_shard":16,"minecraft:oak_planks":30,"minecraft:oak_slab":19,"minecraft:gravel":8,"minecraft:dandelion":3,"galosphere:lumiere_block":31,"minecraft:sand":89,"minecraft:white_bed":5,"minecraft:leather_helmet":1,"minecraft:mossy_cobblestone":2,"alexsmobs:animal_dictionary":1,"minecraft:spider_eye":6,"galosphere:allurite_block":5,"minecraft:diamond":1,"minecraft:bone_meal":1,"minecraft:cherry_sapling":88,"minecraft:cherry_slab":3,"minecraft:oak_sapling":71,"minecraft:coal":63},"minecraft:broken":{"minecraft:stone_pickaxe":2,"minecraft:iron_axe":1,"minecraft:stone_axe":1,"minecraft:iron_pickaxe":1,"minecraft:wooden_axe":3},"minecraft:killed_by":{"alexsmobs:tiger":6,"minecraft:skeleton":2}},"DataVersion":3465}