{"stats":{"minecraft:used":{"minecraft:cherry_sapling":19,"epicsamurai:iron_ninja_boots":1,"minecraft:iron_shovel":289,"minecraft:ladder":19,"minecraft:chest":10,"minecraft:stone":90,"minecraft:iron_sword":1000,"minecraft:carrot":130,"minecraft:glass":13,"minecraft:lava_bucket":1,"minecraft:birch_sapling":48,"minecraft:birch_trapdoor":2,"betterfurnacesreforged:cobblestone_generator":1,"minecraft:oak_sapling":121,"minecraft:furnace":1,"minecraft:egg":1,"minecraft:potato":266,"minecraft:diorite":7,"minecraft:oak_planks":12,"minecraft:stone_pickaxe":448,"minecraft:powered_rail":1,"minecraft:sugar_cane":19,"muffins_thaidelight:lime_sapling":3,"alexscaves:cave_book":2,"minecraft:shears":16,"minecraft:bread":54,"minecraft:gravel":3,"minecraft:andesite":48,"minecraft:birch_log":33,"minecraft:bone_meal":6,"miners_delight:gossypium":5,"minecraft:experience_bottle":6,"muffins_thaidelight:lime":1,"minecraft:oak_fence":3,"minecraft:oak_trapdoor":13,"minecraft:stone_sword":1007,"minecraft:enchanting_table":1,"minecraft:redstone":2,"minecraft:spruce_planks":1,"minecraft:torch":80,"minecraft:dirt":271,"minecraft:hopper":3,"minecraft:cobblestone_wall":11,"minecraft:oak_fence_gate":17,"farmersdelight:rope":26,"minecraft:bookshelf":22,"minecraft:iron_axe":522,"minecraft:oak_stairs":3,"alexscaves:spelunkery_table":1,"minecraft:iron_trapdoor":5,"minecraft:cobbled_deepslate":172,"minecraft:cherry_log":5,"minecraft:golden_axe":2,"minecraft:calcite":44,"minecraft:wheat_seeds":31,"minecraft:cooked_mutton":3,"minecraft:water_bucket":55,"minecraft:cobblestone_stairs":41,"minecraft:birch_planks":28,"minecraft:baked_potato":207,"minecraft:stonecutter":1,"minecraft:cobblestone_slab":16,"minecraft:mossy_cobblestone":1,"farmersdelight:onion":3,"minecraft:oak_slab":6,"minecraft:crafting_table":10,"minecraft:white_bed":4,"minecraft:smoker":1,"minecraft:oak_log":42,"minecraft:diamond_pickaxe":1134,"minecraft:apple":3,"minecraft:oxeye_daisy":1,"minecraft:iron_pickaxe":1234,"minecraft:stone_axe":102,"minecraft:pink_petals":3,"minecraft:fishing_rod":2,"epicsamurai:katana":1933,"miners_delight:cave_carrot":9,"minecraft:cobblestone":844,"travelersbackpack:standard":8,"minecraft:bucket":59,"minecraft:yellow_bed":2,"minecraft:stripped_oak_log":1,"minecraft:dandelion":1,"minecraft:gray_wool":111},"minecraft:crafted":{"minecraft:obsidian":0,"minecraft:oak_planks":196,"minecraft:cobblestone_slab":6,"betterfurnacesreforged:cobblestone_generator":1,"minecraft:stone":0,"minecraft:cobblestone_stairs":12,"minecraft:bookshelf":22,"minecraft:cooked_mutton":3,"minecraft:hopper":3,"minecraft:glass":29,"minecraft:chest":16,"betterfurnacesreforged:fuel_verifier":1,"minecraft:smoker":1,"minecraft:oak_slab":12,"minecraft:crafting_table":3,"travelersbackpack:standard":1,"minecraft:baked_potato":235,"minecraft:birch_planks":36,"minecraft:book":17,"minecraft:paper":9,"minecraft:diamond_pickaxe":3,"minecraft:shield":1,"minecraft:stick":40,"minecraft:iron_ingot":200,"minecraft:iron_pickaxe":6,"minecraft:stone_sword":8,"minecraft:gold_ingot":47,"epicsamurai:iron_ninja_chestplate":2,"epicsamurai:ninja_leggings":1,"minecraft:shears":1,"minecraft:cherry_planks":108,"epicsamurai:katana":2,"expanded_combat:iron_gauntlet":1,"minecraft:furnace":2,"minecraft:bone_meal":39,"minecraft:oak_trapdoor":4,"travelersbackpack:white_sleeping_bag":1,"minecraft:iron_axe":1,"minecraft:ladder":6,"minecraft:iron_hoe":1,"minecraft:stone_pickaxe":4,"minecraft:cobblestone_wall":6,"minecraft:wheat":171,"minecraft:coal_block":1,"epicsamurai:katana_handle":2,"epicsamurai:iron_ninja_helmet":1,"minecraft:iron_trapdoor":3,"minecraft:enchanting_table":1,"travelersbackpack:backpack_tank":2,"minecraft:iron_sword":3,"minecraft:bucket":2,"epicsamurai:iron_ninja_boots":1,"epicsamurai:cloth":48,"minecraft:stone_axe":1,"minecraft:bread":42,"minecraft:air":0,"minecraft:oak_fence_gate":8,"minecraft:gold_nugget":9,"minecraft:birch_trapdoor":2,"minecraft:iron_shovel":3,"minecraft:white_bed":4,"epicsamurai:steel_ingot":17,"minecraft:torch":48},"minecraft:dropped":{"minecraft:brown_mushroom":1,"minecraft:lapis_lazuli":2,"minecraft:oak_log":20,"minecraft:baked_potato":2,"minecraft:diamond":1,"minecraft:chest_minecart":2,"minecraft:rail":9,"minecraft:leather_helmet":1,"minecraft:flint":1,"minecraft:cobblestone_stairs":4,"minecraft:dirt":13,"minecraft:mutton":4,"gravestone:obituary":39,"muffins_thaidelight:papaya_sapling":1,"minecraft:birch_log":31,"minecraft:fishing_rod":1,"minecraft:white_wool":2,"galosphere:lumiere_shard":12,"minecraft:bone":2,"minecraft:gravel":12,"minecraft:stone_axe":2,"minecraft:sugar_cane":2,"galosphere:allurite_block":2,"minecraft:cobbled_deepslate":85,"alexsmobs:animal_dictionary":1,"alexscaves:cave_tablet":2,"minecraft:birch_sapling":6,"epicsamurai:katana":2,"minecraft:rotten_flesh":74,"minecraft:oak_planks":4,"minecraft:carrot":1,"alexscaves:cave_book":2,"minecraft:gunpowder":1,"farmersdelight:rope":2,"minecraft:powered_rail":3,"minecraft:beef":6,"minecraft:egg":3,"minecraft:iron_ingot":8,"minecraft:bread":1,"minecraft:wheat_seeds":3,"epicsamurai:raw_silver":2,"minecraft:cherry_log":36,"minecraft:mossy_cobblestone":1,"minecraft:diamond_leggings":1,"minecraft:poisonous_potato":1,"minecraft:feather":5,"minecraft:cobblestone":215,"minecraft:lead":1,"minecraft:apple":1,"minecraft:granite":40,"minecraft:coal":1,"minecraft:stick":2,"galosphere:allurite_shard":8,"minecraft:gray_wool":2,"galosphere:lumiere_block":38,"minecraft:diorite":26,"minecraft:iron_trapdoor":3,"minecraft:polished_andesite_stairs":1,"minecraft:paper":3,"minecraft:string":2,"minecraft:bucket":1,"minecraft:gray_carpet":1,"alexsmobs:maggot":2,"minecraft:raw_copper":23,"minecraft:tuff":5,"farmersdelight:cabbage_seeds":3,"minecraft:chicken":6,"muffins_thaidelight:lime":1,"minecraft:light_gray_wool":1,"epicsamurai:iron_ninja_chestplate":1,"minecraft:pumpkin_seeds":8,"fishofthieves:earthworms":43,"minecraft:spruce_planks":3,"minecraft:andesite":1,"minecraft:oak_boat":1,"minecraft:oak_sapling":18,"minecraft:spider_eye":8,"minecraft:stone_pickaxe":1,"minecraft:raw_gold":1,"minecraft:calcite":4,"muffins_thaidelight:pepper_seeds":1},"minecraft:picked_up":{"minecraft:wheat":26,"minecraft:iron_trapdoor":5,"minecraft:smithing_table":1,"minecraft:lead":3,"alexscaves:cave_tablet":1,"minecraft:oak_stairs":4,"minecraft:string":144,"minecraft:raw_copper":52,"minecraft:cherry_boat":1,"minecraft:cobbled_deepslate":305,"minecraft:bucket":1,"minecraft:spruce_planks":4,"minecraft:cobblestone_slab":10,"minecraft:calcite":29,"minecraft:iron_pickaxe":1,"minecraft:furnace":1,"farmersdelight:cabbage_seeds":3,"minecraft:stick":127,"minecraft:birch_trapdoor":1,"minecraft:oak_fence":3,"minecraft:torch":42,"minecraft:porkchop":1,"minecraft:golden_axe":1,"minecraft:cherry_log":122,"minecraft:pointed_dripstone":20,"minecraft:diorite":69,"minecraft:rotten_flesh":93,"farmersdelight:onion":2,"farmersdelight:rope":17,"minecraft:snowball":1,"minecraft:cobblestone":1474,"minecraft:birch_log":133,"minecraft:pink_petals":3,"minecraft:feather":7,"minecraft:water_bucket":1,"minecraft:andesite":49,"minecraft:potato":807,"alexsmobs:bison_fur":1,"alexscaves:cave_book":2,"minecraft:flint":8,"minecraft:tuff":5,"minecraft:lapis_lazuli":305,"minecraft:dirt":398,"minecraft:name_tag":1,"minecraft:bone":13,"minecraft:stonecutter":2,"minecraft:bow":1,"minecraft:wheat_seeds":81,"minecraft:raw_gold":37,"fishofthieves:earthworms":55,"minecraft:powered_rail":4,"epicsamurai:raw_silver":7,"minecraft:oak_planks":4,"miners_delight:gossypium":5,"fishofthieves:pondie":12,"minecraft:poisonous_potato":4,"minecraft:mossy_cobblestone":1,"minecraft:diamond":29,"muffins_thaidelight:lime":16,"muffins_thaidelight:papaya_sapling":1,"minecraft:granite":44,"minecraft:emerald":5,"minecraft:bread":1,"alexsmobs:maggot":2,"epicsamurai:ruby":30,"minecraft:oak_sapling":66,"minecraft:cherry_slab":6,"minecraft:crafting_table":9,"minecraft:allium":6,"minecraft:chicken":6,"minecraft:ladder":16,"minecraft:chest_minecart":2,"minecraft:brown_mushroom":1,"minecraft:gold_block":2,"muffins_thaidelight:pepper_seeds":1,"gravestone:obituary":19,"minecraft:oak_trapdoor":13,"minecraft:iron_axe":1,"miners_delight:cave_carrot":5,"epicsamurai:jade":31,"minecraft:iron_shovel":1,"minecraft:beef":58,"minecraft:oak_boat":1,"minecraft:light_gray_wool":1,"minecraft:sugar_cane":34,"minecraft:chest":2,"minecraft:birch_sapling":36,"minecraft:egg":4,"minecraft:raw_iron":329,"farmersdelight:tomato_seeds":7,"minecraft:stone_button":1,"minecraft:carrot":72,"minecraft:redstone":66,"minecraft:iron_horse_armor":1,"minecraft:diamond_chestplate":1,"minecraft:arrow":11,"minecraft:hay_block":19,"alexscaves:spelunkery_table":3,"minecraft:mutton":17,"minecraft:rail":9,"minecraft:white_wool":45,"minecraft:oxeye_daisy":1,"minecraft:stripped_oak_log":1,"minecraft:leather":31,"minecraft:birch_planks":2,"minecraft:oak_log":107,"minecraft:cobblestone_wall":8,"minecraft:yellow_bed":2,"minecraft:gunpowder":4,"minecraft:cobblestone_stairs":40,"minecraft:paper":1,"galosphere:lumiere_shard":12,"minecraft:apple":6,"minecraft:gray_carpet":1,"galosphere:pink_salt_shard":8,"minecraft:iron_ingot":3,"minecraft:oak_fence_gate":11,"minecraft:stone_pickaxe":1,"galosphere:allurite_shard":8,"minecraft:book":45,"epicsamurai:onyx":13,"minecraft:polished_andesite_stairs":1,"epicsamurai:katana":2,"muffins_thaidelight:lime_sapling":6,"minecraft:dandelion":1,"galosphere:lumiere_block":38,"minecraft:gravel":56,"minecraft:spider_eye":47,"fishofthieves:fish_bone":1,"travelersbackpack:standard":2,"galosphere:allurite_block":2,"minecraft:pumpkin_seeds":8,"fishofthieves:devilfish":5,"minecraft:cherry_sapling":69,"minecraft:gray_wool":125,"minecraft:baked_potato":2,"minecraft:damaged_anvil":1,"minecraft:coal":285,"minecraft:ender_pearl":1},"minecraft:mined":{"miners_delight:wild_cave_carrots":4,"galosphere:glinted_allurite_cluster":1,"minecraft:spruce_planks":2,"minecraft:oak_sapling":2,"minecraft:cobblestone_stairs":39,"minecraft:cherry_log":128,"minecraft:granite":44,"epicsamurai:silver_ore":1,"minecraft:grass_block":67,"minecraft:spawner":7,"epicsamurai:deepslate_jade_ore":27,"galosphere:lumiere_block":19,"minecraft:iron_ore":162,"minecraft:cobbled_deepslate":9,"minecraft:fire":1,"minecraft:deepslate_lapis_ore":24,"minecraft:pointed_dripstone":5,"minecraft:oak_stairs":4,"epicsamurai:deepslate_silver_ore":6,"minecraft:deepslate_redstone_ore":7,"minecraft:powder_snow":6,"minecraft:torch":18,"minecraft:calcite":29,"minecraft:polished_andesite_stairs":1,"minecraft:chest":2,"minecraft:glass":10,"minecraft:cobblestone":305,"minecraft:damaged_anvil":1,"minecraft:oak_planks":4,"minecraft:sugar_cane":22,"minecraft:wall_torch":18,"minecraft:cherry_slab":6,"minecraft:birch_sapling":3,"minecraft:pink_petals":1,"minecraft:powered_rail":1,"minecraft:birch_log":139,"minecraft:wheat":31,"minecraft:birch_trapdoor":1,"minecraft:grass":34,"minecraft:oak_log":106,"minecraft:oak_fence_gate":11,"minecraft:dirt":320,"minecraft:stonecutter":2,"minecraft:oak_leaves":8,"minecraft:deepslate":307,"minecraft:diamond_ore":3,"alexscaves:spelunkery_table":3,"minecraft:tuff":5,"epicsamurai:deepslate_onyx_ore":13,"minecraft:deepslate_diamond_ore":26,"farmersdelight:wild_carrots":9,"minecraft:ladder":9,"gravestone:gravestone":17,"epicsamurai:deepslate_ruby_ore":14,"minecraft:redstone_wire":2,"minecraft:spruce_leaves":10,"minecraft:hay_block":19,"farmersdelight:wild_onions":2,"minecraft:redstone_ore":7,"minecraft:oak_trapdoor":13,"minecraft:furnace":1,"minecraft:carrots":9,"miners_delight:gossypium":1,"minecraft:snow":1,"minecraft:andesite":51,"minecraft:gold_block":2,"farmersdelight:rope":3,"minecraft:bookshelf":15,"minecraft:potatoes":241,"minecraft:deepslate_iron_ore":109,"minecraft:cobblestone_slab":10,"minecraft:vine":1,"galosphere:pink_salt_cluster":2,"minecraft:stripped_oak_log":1,"minecraft:packed_ice":1,"minecraft:stone":1114,"minecraft:white_wool":17,"minecraft:smithing_table":1,"muffins_thaidelight:lime_bush":7,"epicsamurai:jade_ore":4,"minecraft:dandelion":1,"travelersbackpack:standard":1,"minecraft:oak_fence":3,"minecraft:crafting_table":9,"minecraft:emerald_ore":5,"minecraft:copper_ore":15,"minecraft:tall_grass":8,"minecraft:lapis_ore":24,"minecraft:deepslate_gold_ore":31,"minecraft:diorite":69,"minecraft:birch_planks":2,"minecraft:gray_wool":124,"galosphere:allurite_block":2,"minecraft:cobblestone_wall":8,"minecraft:birch_leaves":4,"minecraft:yellow_bed":2,"minecraft:coal_ore":234,"minecraft:cherry_leaves":5,"minecraft:gravel":38,"minecraft:cobweb":7,"minecraft:gold_ore":8,"minecraft:iron_trapdoor":2,"epicsamurai:ruby_ore":16},"minecraft:custom":{"minecraft:animals_bred":7,"minecraft:interact_with_crafting_table":116,"minecraft:open_barrel":6,"minecraft:leave_game":52,"minecraft:time_since_death":35554,"minecraft:sprint_one_cm":1858094,"minecraft:drop":267,"minecraft:play_time":877775,"minecraft:deaths":21,"minecraft:jump":12739,"minecraft:walk_on_water_one_cm":133605,"minecraft:enchant_item":11,"minecraft:interact_with_furnace":36,"minecraft:interact_with_loom":15,"minecraft:sleep_in_bed":16,"minecraft:waystone_activated":1,"minecraft:damage_dealt":141776,"minecraft:crouch_one_cm":149786,"minecraft:interact_with_smoker":35,"minecraft:mob_kills":1084,"minecraft:climb_one_cm":77339,"minecraft:walk_one_cm":1364523,"minecraft:sneak_time":47602,"minecraft:walk_under_water_one_cm":55151,"minecraft:boat_one_cm":43005,"minecraft:interact_with_blast_furnace":26,"minecraft:total_world_time":877775,"minecraft:time_since_rest":32736,"minecraft:damage_taken":19205,"minecraft:swim_one_cm":84514,"minecraft:fly_one_cm":2440274,"minecraft:open_chest":577,"minecraft:fall_one_cm":437173},"minecraft:killed":{"minecraft:cave_spider":843,"minecraft:spider":31,"minecraft:skeleton":15,"minecraft:chicken":7,"minecraft:pig":1,"minecraft:zombie_villager":2,"minecraft:creeper":3,"minecraft:sheep":10,"minecraft:zombie":127,"minecraft:cow":22,"fishofthieves:pondie":11,"minecraft:horse":3,"minecraft:drowned":1,"alexsmobs:bison":1,"minecraft:bat":1,"alexsmobs:cockroach":1,"alexsmobs:crow":2},"minecraft:broken":{"epicsamurai:iron_ninja_helmet":1,"epicsamurai:iron_ninja_boots":1,"minecraft:stone_pickaxe":3,"epicsamurai:ninja_leggings":1,"minecraft:iron_sword":4,"minecraft:stone_sword":7,"epicsamurai:katana":1,"minecraft:iron_axe":2,"minecraft:iron_pickaxe":4},"minecraft:killed_by":{"minecraft:creeper":2,"minecraft:cave_spider":6,"minecraft:zombie":1,"minecraft:player":2,"alexsmobs:bison":1,"minecraft:skeleton":5}},"DataVersion":3465}