{"stats":{"minecraft:used":{"minecraft:cherry_sapling":18,"minecraft:stone_sword":90,"minecraft:redstone":2,"minecraft:ladder":3,"minecraft:chest":2,"minecraft:spruce_planks":1,"minecraft:torch":12,"minecraft:dirt":15,"minecraft:carrot":29,"farmersdelight:rope":26,"minecraft:iron_axe":105,"alexscaves:spelunkery_table":1,"minecraft:birch_trapdoor":2,"minecraft:furnace":1,"minecraft:cherry_log":5,"minecraft:cobbled_deepslate":42,"minecraft:water_bucket":6,"minecraft:diorite":7,"minecraft:birch_planks":1,"minecraft:powered_rail":1,"minecraft:stone_pickaxe":7,"minecraft:oak_planks":12,"minecraft:stonecutter":1,"minecraft:crafting_table":6,"muffins_thaidelight:lime_sapling":2,"alexscaves:cave_book":2,"minecraft:white_bed":4,"minecraft:shears":16,"minecraft:apple":1,"minecraft:oxeye_daisy":1,"minecraft:bread":53,"minecraft:iron_pickaxe":708,"minecraft:stone_axe":102,"minecraft:gravel":1,"minecraft:pink_petals":3,"minecraft:fishing_rod":2,"epicsamurai:katana":49,"minecraft:cobblestone":207,"minecraft:andesite":1,"minecraft:bucket":7,"minecraft:yellow_bed":2,"minecraft:gray_wool":111},"minecraft:custom":{"minecraft:mob_kills":61,"minecraft:animals_bred":4,"minecraft:interact_with_crafting_table":37,"minecraft:open_barrel":3,"minecraft:leave_game":34,"minecraft:time_since_death":29140,"minecraft:climb_one_cm":21046,"minecraft:sprint_one_cm":696285,"minecraft:walk_one_cm":447857,"minecraft:drop":115,"minecraft:play_time":207211,"minecraft:sneak_time":25470,"minecraft:deaths":5,"minecraft:walk_under_water_one_cm":20945,"minecraft:boat_one_cm":43005,"minecraft:jump":5038,"minecraft:interact_with_blast_furnace":8,"minecraft:walk_on_water_one_cm":20954,"minecraft:total_world_time":207211,"minecraft:interact_with_furnace":26,"minecraft:interact_with_loom":12,"minecraft:sleep_in_bed":3,"minecraft:time_since_rest":27274,"minecraft:waystone_activated":1,"minecraft:damage_taken":3135,"minecraft:damage_dealt":8674,"minecraft:swim_one_cm":59007,"minecraft:fly_one_cm":1149349,"minecraft:open_chest":169,"minecraft:crouch_one_cm":102621,"minecraft:fall_one_cm":186772},"minecraft:mined":{"galosphere:glinted_allurite_cluster":1,"alexscaves:spelunkery_table":1,"minecraft:spruce_planks":2,"minecraft:deepslate_diamond_ore":14,"minecraft:cherry_log":70,"gravestone:gravestone":5,"epicsamurai:deepslate_ruby_ore":5,"minecraft:grass_block":8,"epicsamurai:silver_ore":1,"minecraft:redstone_wire":2,"minecraft:hay_block":19,"epicsamurai:deepslate_jade_ore":19,"minecraft:redstone_ore":3,"galosphere:lumiere_block":19,"minecraft:furnace":1,"minecraft:iron_ore":75,"minecraft:cobbled_deepslate":3,"minecraft:andesite":1,"minecraft:deepslate_lapis_ore":16,"minecraft:gold_block":2,"minecraft:bookshelf":2,"farmersdelight:rope":3,"minecraft:deepslate_iron_ore":48,"epicsamurai:deepslate_silver_ore":6,"minecraft:packed_ice":1,"minecraft:stone":225,"minecraft:white_wool":16,"muffins_thaidelight:lime_bush":2,"minecraft:powder_snow":6,"minecraft:crafting_table":7,"minecraft:torch":1,"minecraft:emerald_ore":1,"minecraft:calcite":1,"minecraft:tall_grass":4,"minecraft:cobblestone":15,"minecraft:deepslate_gold_ore":12,"minecraft:lapis_ore":8,"minecraft:sugar_cane":2,"minecraft:diorite":7,"minecraft:pink_petals":1,"minecraft:birch_planks":2,"minecraft:gray_wool":124,"galosphere:allurite_block":2,"minecraft:powered_rail":1,"minecraft:birch_log":31,"minecraft:birch_trapdoor":1,"minecraft:birch_leaves":4,"minecraft:yellow_bed":2,"minecraft:grass":12,"minecraft:coal_ore":143,"minecraft:oak_log":26,"minecraft:gravel":1,"minecraft:dirt":16,"minecraft:stonecutter":2,"minecraft:gold_ore":2,"minecraft:oak_leaves":2,"minecraft:deepslate":61,"epicsamurai:ruby_ore":15},"minecraft:dropped":{"minecraft:iron_ingot":8,"minecraft:bread":1,"minecraft:wheat_seeds":1,"minecraft:lapis_lazuli":2,"epicsamurai:raw_silver":2,"minecraft:cherry_log":36,"minecraft:oak_log":20,"minecraft:diamond":1,"minecraft:diamond_leggings":1,"minecraft:feather":5,"minecraft:cobblestone":2,"minecraft:lead":1,"minecraft:apple":1,"minecraft:chest_minecart":2,"minecraft:rail":9,"minecraft:leather_helmet":1,"galosphere:allurite_shard":8,"minecraft:dirt":10,"minecraft:gray_wool":2,"galosphere:lumiere_block":38,"minecraft:mutton":4,"gravestone:obituary":6,"muffins_thaidelight:papaya_sapling":1,"minecraft:paper":3,"minecraft:birch_log":31,"minecraft:fishing_rod":1,"minecraft:white_wool":2,"minecraft:gray_carpet":1,"galosphere:lumiere_shard":12,"minecraft:gravel":3,"minecraft:stone_axe":1,"minecraft:sugar_cane":2,"galosphere:allurite_block":2,"alexsmobs:animal_dictionary":1,"minecraft:cobbled_deepslate":11,"alexscaves:cave_tablet":2,"minecraft:birch_sapling":6,"farmersdelight:cabbage_seeds":3,"minecraft:chicken":5,"minecraft:rotten_flesh":20,"minecraft:light_gray_wool":1,"epicsamurai:iron_ninja_chestplate":1,"minecraft:pumpkin_seeds":8,"minecraft:gunpowder":1,"alexscaves:cave_book":2,"fishofthieves:earthworms":16,"minecraft:spruce_planks":3,"minecraft:oak_sapling":17,"minecraft:oak_boat":1,"farmersdelight:rope":2,"minecraft:spider_eye":1,"minecraft:powered_rail":3,"minecraft:calcite":1,"muffins_thaidelight:pepper_seeds":1,"minecraft:egg":1},"minecraft:crafted":{"minecraft:cherry_planks":24,"minecraft:oak_planks":36,"epicsamurai:katana":1,"expanded_combat:iron_gauntlet":1,"minecraft:furnace":1,"minecraft:glass":12,"travelersbackpack:white_sleeping_bag":1,"minecraft:iron_axe":1,"minecraft:ladder":6,"minecraft:stone_pickaxe":1,"minecraft:chest":3,"minecraft:wheat":171,"epicsamurai:iron_ninja_helmet":1,"epicsamurai:katana_handle":1,"minecraft:crafting_table":1,"travelersbackpack:backpack_tank":2,"travelersbackpack:standard":1,"epicsamurai:iron_ninja_boots":1,"epicsamurai:cloth":48,"minecraft:stone_axe":1,"minecraft:bread":42,"minecraft:air":0,"minecraft:gold_nugget":9,"minecraft:shield":1,"minecraft:iron_ingot":31,"minecraft:iron_pickaxe":4,"minecraft:birch_trapdoor":2,"minecraft:stone_sword":1,"minecraft:gold_ingot":10,"epicsamurai:iron_ninja_chestplate":2,"minecraft:white_bed":4,"epicsamurai:ninja_leggings":1,"minecraft:torch":16,"minecraft:shears":1},"minecraft:killed":{"minecraft:spider":2,"fishofthieves:pondie":11,"minecraft:skeleton":3,"minecraft:horse":3,"minecraft:chicken":6,"minecraft:drowned":1,"minecraft:bat":1,"minecraft:creeper":1,"minecraft:sheep":7,"minecraft:zombie":24,"minecraft:cow":2},"minecraft:picked_up":{"minecraft:crafting_table":7,"minecraft:chicken":5,"minecraft:chest_minecart":2,"alexscaves:cave_tablet":1,"minecraft:lead":2,"minecraft:gold_block":2,"muffins_thaidelight:pepper_seeds":1,"gravestone:obituary":1,"minecraft:string":8,"epicsamurai:jade":19,"minecraft:cobbled_deepslate":53,"minecraft:spruce_planks":4,"minecraft:beef":5,"minecraft:oak_boat":1,"minecraft:calcite":1,"minecraft:light_gray_wool":1,"minecraft:sugar_cane":2,"minecraft:birch_sapling":6,"farmersdelight:cabbage_seeds":3,"minecraft:furnace":1,"minecraft:egg":1,"minecraft:stick":61,"minecraft:raw_iron":181,"minecraft:birch_trapdoor":1,"minecraft:torch":1,"farmersdelight:tomato_seeds":7,"minecraft:cherry_log":68,"minecraft:diorite":7,"minecraft:carrot":27,"minecraft:redstone":16,"minecraft:arrow":6,"minecraft:rotten_flesh":20,"minecraft:hay_block":19,"alexscaves:spelunkery_table":1,"farmersdelight:rope":17,"minecraft:mutton":13,"minecraft:rail":9,"minecraft:white_wool":42,"minecraft:cobblestone":237,"minecraft:oxeye_daisy":1,"minecraft:birch_log":31,"minecraft:pink_petals":3,"minecraft:feather":5,"minecraft:andesite":1,"minecraft:leather":7,"minecraft:birch_planks":2,"alexscaves:cave_book":2,"minecraft:oak_log":27,"minecraft:yellow_bed":2,"minecraft:gunpowder":1,"minecraft:paper":1,"minecraft:lapis_lazuli":148,"minecraft:dirt":36,"galosphere:lumiere_shard":12,"minecraft:name_tag":1,"minecraft:bone":4,"minecraft:apple":3,"minecraft:gray_carpet":1,"minecraft:stonecutter":2,"minecraft:wheat_seeds":1,"minecraft:raw_gold":14,"minecraft:iron_ingot":1,"fishofthieves:earthworms":16,"galosphere:allurite_shard":8,"minecraft:powered_rail":4,"epicsamurai:raw_silver":7,"minecraft:book":6,"muffins_thaidelight:lime_sapling":2,"fishofthieves:pondie":12,"galosphere:lumiere_block":38,"minecraft:gravel":4,"minecraft:spider_eye":1,"minecraft:mossy_cobblestone":1,"fishofthieves:fish_bone":1,"galosphere:allurite_block":2,"minecraft:pumpkin_seeds":8,"minecraft:diamond":14,"muffins_thaidelight:lime":5,"muffins_thaidelight:papaya_sapling":1,"minecraft:cherry_sapling":34,"minecraft:gray_wool":125,"minecraft:bread":1,"minecraft:emerald":1,"minecraft:oak_sapling":17,"epicsamurai:ruby":20,"minecraft:coal":195,"minecraft:ender_pearl":1},"minecraft:broken":{"minecraft:iron_pickaxe":2},"minecraft:killed_by":{"minecraft:player":2,"minecraft:skeleton":1,"minecraft:zombie":1}},"DataVersion":3465}