{"stats":{"minecraft:crafted":{"minecraft:oak_planks":56,"betterfurnacesreforged:cobblestone_generator":1,"minecraft:cooked_mutton":3,"minecraft:glass":12,"minecraft:chest":6,"betterfurnacesreforged:fuel_verifier":1,"minecraft:smoker":1,"minecraft:crafting_table":2,"travelersbackpack:standard":1,"minecraft:baked_potato":64,"minecraft:diamond_pickaxe":1,"minecraft:shield":1,"minecraft:stick":12,"minecraft:iron_ingot":103,"minecraft:iron_pickaxe":6,"minecraft:stone_sword":1,"minecraft:gold_ingot":24,"epicsamurai:iron_ninja_chestplate":2,"epicsamurai:ninja_leggings":1,"minecraft:shears":1,"minecraft:cherry_planks":24,"epicsamurai:katana":1,"expanded_combat:iron_gauntlet":1,"minecraft:furnace":2,"minecraft:bone_meal":33,"travelersbackpack:white_sleeping_bag":1,"minecraft:iron_axe":1,"minecraft:ladder":6,"minecraft:iron_hoe":1,"minecraft:stone_pickaxe":4,"minecraft:wheat":171,"minecraft:coal_block":1,"epicsamurai:katana_handle":1,"epicsamurai:iron_ninja_helmet":1,"travelersbackpack:backpack_tank":2,"minecraft:bucket":2,"epicsamurai:iron_ninja_boots":1,"epicsamurai:cloth":48,"minecraft:stone_axe":1,"minecraft:bread":42,"minecraft:air":0,"minecraft:gold_nugget":9,"minecraft:birch_trapdoor":2,"minecraft:iron_shovel":1,"minecraft:white_bed":4,"epicsamurai:steel_ingot":1,"minecraft:torch":48},"minecraft:picked_up":{"minecraft:wheat":26,"minecraft:smithing_table":1,"minecraft:lead":3,"alexscaves:cave_tablet":1,"minecraft:string":27,"minecraft:raw_copper":13,"minecraft:cherry_boat":1,"minecraft:cobbled_deepslate":305,"minecraft:spruce_planks":4,"minecraft:calcite":29,"farmersdelight:cabbage_seeds":3,"minecraft:furnace":1,"minecraft:stick":86,"minecraft:birch_trapdoor":1,"minecraft:torch":5,"minecraft:golden_axe":1,"minecraft:cherry_log":118,"minecraft:pointed_dripstone":20,"minecraft:diorite":33,"minecraft:rotten_flesh":45,"farmersdelight:rope":17,"minecraft:cobblestone":602,"minecraft:birch_log":31,"minecraft:pink_petals":3,"minecraft:feather":7,"minecraft:andesite":49,"minecraft:potato":576,"alexscaves:cave_book":2,"minecraft:flint":1,"minecraft:tuff":5,"minecraft:lapis_lazuli":305,"minecraft:dirt":166,"minecraft:name_tag":1,"minecraft:bone":11,"minecraft:stonecutter":2,"minecraft:bow":1,"minecraft:wheat_seeds":79,"minecraft:raw_gold":37,"fishofthieves:earthworms":31,"minecraft:powered_rail":4,"epicsamurai:raw_silver":7,"minecraft:oak_planks":2,"miners_delight:gossypium":5,"fishofthieves:pondie":12,"minecraft:poisonous_potato":2,"minecraft:mossy_cobblestone":1,"minecraft:diamond":29,"muffins_thaidelight:lime":14,"muffins_thaidelight:papaya_sapling":1,"minecraft:granite":44,"minecraft:bread":1,"minecraft:emerald":3,"epicsamurai:ruby":30,"minecraft:oak_sapling":19,"minecraft:crafting_table":8,"minecraft:chicken":6,"minecraft:chest_minecart":2,"minecraft:gold_block":2,"muffins_thaidelight:pepper_seeds":1,"gravestone:obituary":8,"minecraft:iron_axe":1,"miners_delight:cave_carrot":5,"epicsamurai:jade":31,"minecraft:beef":5,"minecraft:oak_boat":1,"minecraft:light_gray_wool":1,"minecraft:sugar_cane":2,"minecraft:birch_sapling":6,"minecraft:egg":3,"minecraft:raw_iron":329,"farmersdelight:tomato_seeds":7,"minecraft:stone_button":1,"minecraft:carrot":68,"minecraft:redstone":66,"minecraft:arrow":11,"minecraft:hay_block":19,"alexscaves:spelunkery_table":3,"minecraft:mutton":13,"minecraft:white_wool":42,"minecraft:rail":9,"minecraft:oxeye_daisy":1,"minecraft:leather":7,"minecraft:birch_planks":2,"minecraft:oak_log":30,"minecraft:yellow_bed":2,"minecraft:gunpowder":4,"minecraft:paper":1,"galosphere:lumiere_shard":12,"minecraft:apple":3,"minecraft:gray_carpet":1,"galosphere:pink_salt_shard":8,"minecraft:iron_ingot":2,"minecraft:stone_pickaxe":1,"galosphere:allurite_shard":8,"minecraft:book":15,"epicsamurai:onyx":13,"epicsamurai:katana":1,"muffins_thaidelight:lime_sapling":5,"minecraft:dandelion":1,"galosphere:lumiere_block":38,"minecraft:gravel":14,"minecraft:spider_eye":7,"fishofthieves:fish_bone":1,"travelersbackpack:standard":1,"galosphere:allurite_block":2,"minecraft:pumpkin_seeds":8,"fishofthieves:devilfish":5,"minecraft:cherry_sapling":69,"minecraft:gray_wool":125,"minecraft:baked_potato":1,"minecraft:damaged_anvil":1,"minecraft:coal":245,"minecraft:ender_pearl":1},"minecraft:used":{"minecraft:cherry_sapling":19,"minecraft:iron_shovel":103,"minecraft:ladder":3,"minecraft:chest":4,"minecraft:carrot":127,"minecraft:lava_bucket":1,"minecraft:birch_sapling":18,"minecraft:birch_trapdoor":2,"betterfurnacesreforged:cobblestone_generator":1,"minecraft:oak_sapling":74,"minecraft:furnace":1,"minecraft:potato":200,"minecraft:diorite":7,"minecraft:oak_planks":12,"minecraft:stone_pickaxe":448,"minecraft:powered_rail":1,"muffins_thaidelight:lime_sapling":2,"alexscaves:cave_book":2,"minecraft:shears":16,"minecraft:bread":54,"minecraft:gravel":2,"minecraft:andesite":48,"miners_delight:gossypium":5,"minecraft:stone_sword":90,"minecraft:redstone":2,"minecraft:spruce_planks":1,"minecraft:torch":42,"minecraft:dirt":89,"farmersdelight:rope":26,"minecraft:iron_axe":179,"alexscaves:spelunkery_table":1,"minecraft:cobbled_deepslate":172,"minecraft:cherry_log":5,"minecraft:calcite":44,"minecraft:wheat_seeds":31,"minecraft:water_bucket":10,"minecraft:birch_planks":1,"minecraft:baked_potato":46,"minecraft:stonecutter":1,"minecraft:mossy_cobblestone":1,"minecraft:crafting_table":8,"minecraft:white_bed":4,"minecraft:smoker":1,"minecraft:diamond_pickaxe":290,"minecraft:apple":1,"minecraft:oxeye_daisy":1,"minecraft:iron_pickaxe":1087,"minecraft:stone_axe":102,"minecraft:pink_petals":3,"minecraft:fishing_rod":2,"epicsamurai:katana":282,"miners_delight:cave_carrot":9,"minecraft:cobblestone":417,"travelersbackpack:standard":6,"minecraft:bucket":14,"minecraft:yellow_bed":2,"minecraft:dandelion":1,"minecraft:gray_wool":111},"minecraft:broken":{"minecraft:stone_pickaxe":3,"minecraft:iron_pickaxe":3},"minecraft:killed":{"minecraft:spider":29,"minecraft:skeleton":14,"minecraft:chicken":7,"minecraft:zombie_villager":1,"minecraft:creeper":3,"minecraft:sheep":7,"minecraft:zombie":53,"minecraft:cow":2,"fishofthieves:pondie":11,"minecraft:horse":3,"minecraft:drowned":1,"minecraft:bat":1,"alexsmobs:cockroach":1,"alexsmobs:crow":2},"minecraft:killed_by":{"minecraft:creeper":2,"minecraft:zombie":1,"minecraft:player":2,"minecraft:skeleton":4},"minecraft:mined":{"miners_delight:wild_cave_carrots":4,"galosphere:glinted_allurite_cluster":1,"minecraft:spruce_planks":2,"minecraft:oak_sapling":1,"minecraft:cherry_log":124,"minecraft:granite":44,"epicsamurai:silver_ore":1,"minecraft:grass_block":28,"minecraft:spawner":2,"epicsamurai:deepslate_jade_ore":27,"galosphere:lumiere_block":19,"minecraft:iron_ore":162,"minecraft:cobbled_deepslate":9,"minecraft:fire":1,"minecraft:deepslate_lapis_ore":24,"minecraft:pointed_dripstone":5,"epicsamurai:deepslate_silver_ore":6,"minecraft:deepslate_redstone_ore":7,"minecraft:powder_snow":6,"minecraft:torch":3,"minecraft:calcite":29,"minecraft:cobblestone":68,"minecraft:sugar_cane":2,"minecraft:oak_planks":2,"minecraft:damaged_anvil":1,"minecraft:wall_torch":2,"minecraft:pink_petals":1,"minecraft:powered_rail":1,"minecraft:birch_log":31,"minecraft:wheat":31,"minecraft:birch_trapdoor":1,"minecraft:grass":19,"minecraft:oak_log":29,"minecraft:dirt":125,"minecraft:stonecutter":2,"minecraft:oak_leaves":3,"minecraft:deepslate":307,"alexscaves:spelunkery_table":3,"minecraft:diamond_ore":3,"minecraft:tuff":5,"epicsamurai:deepslate_onyx_ore":13,"minecraft:deepslate_diamond_ore":26,"farmersdelight:wild_carrots":9,"gravestone:gravestone":9,"epicsamurai:deepslate_ruby_ore":14,"minecraft:redstone_wire":2,"minecraft:hay_block":19,"minecraft:redstone_ore":7,"minecraft:furnace":1,"minecraft:carrots":8,"miners_delight:gossypium":1,"minecraft:andesite":51,"minecraft:gold_block":2,"minecraft:bookshelf":5,"minecraft:potatoes":178,"farmersdelight:rope":3,"minecraft:deepslate_iron_ore":109,"galosphere:pink_salt_cluster":2,"minecraft:packed_ice":1,"minecraft:stone":538,"minecraft:white_wool":16,"minecraft:smithing_table":1,"muffins_thaidelight:lime_bush":6,"epicsamurai:jade_ore":4,"minecraft:dandelion":1,"minecraft:crafting_table":8,"minecraft:emerald_ore":3,"minecraft:tall_grass":7,"minecraft:copper_ore":3,"minecraft:lapis_ore":24,"minecraft:deepslate_gold_ore":31,"minecraft:diorite":33,"galosphere:allurite_block":2,"minecraft:gray_wool":124,"minecraft:birch_planks":2,"minecraft:birch_leaves":4,"minecraft:yellow_bed":2,"minecraft:coal_ore":194,"minecraft:cherry_leaves":5,"minecraft:gravel":12,"minecraft:gold_ore":8,"epicsamurai:ruby_ore":16},"minecraft:dropped":{"minecraft:lapis_lazuli":2,"minecraft:oak_log":20,"minecraft:baked_potato":1,"minecraft:diamond":1,"minecraft:chest_minecart":2,"minecraft:rail":9,"minecraft:leather_helmet":1,"minecraft:flint":1,"minecraft:dirt":13,"minecraft:mutton":4,"gravestone:obituary":19,"muffins_thaidelight:papaya_sapling":1,"minecraft:fishing_rod":1,"minecraft:birch_log":31,"minecraft:white_wool":2,"galosphere:lumiere_shard":12,"minecraft:bone":2,"minecraft:gravel":12,"minecraft:stone_axe":1,"minecraft:sugar_cane":2,"galosphere:allurite_block":2,"alexsmobs:animal_dictionary":1,"minecraft:cobbled_deepslate":85,"alexscaves:cave_tablet":2,"minecraft:birch_sapling":6,"epicsamurai:katana":1,"minecraft:rotten_flesh":35,"minecraft:oak_planks":4,"minecraft:carrot":1,"alexscaves:cave_book":2,"minecraft:gunpowder":1,"farmersdelight:rope":2,"minecraft:powered_rail":3,"minecraft:egg":3,"minecraft:iron_ingot":8,"minecraft:bread":1,"minecraft:wheat_seeds":1,"epicsamurai:raw_silver":2,"minecraft:cherry_log":36,"minecraft:mossy_cobblestone":1,"minecraft:diamond_leggings":1,"minecraft:poisonous_potato":1,"minecraft:feather":5,"minecraft:cobblestone":38,"minecraft:lead":1,"minecraft:apple":1,"minecraft:granite":40,"minecraft:coal":1,"galosphere:allurite_shard":8,"minecraft:gray_wool":2,"galosphere:lumiere_block":38,"minecraft:diorite":26,"minecraft:paper":3,"minecraft:gray_carpet":1,"minecraft:raw_copper":13,"minecraft:tuff":5,"farmersdelight:cabbage_seeds":3,"minecraft:chicken":6,"minecraft:light_gray_wool":1,"epicsamurai:iron_ninja_chestplate":1,"minecraft:pumpkin_seeds":8,"fishofthieves:earthworms":27,"minecraft:spruce_planks":3,"minecraft:andesite":1,"minecraft:oak_sapling":18,"minecraft:oak_boat":1,"minecraft:spider_eye":4,"minecraft:stone_pickaxe":1,"minecraft:raw_gold":1,"minecraft:calcite":4,"muffins_thaidelight:pepper_seeds":1},"minecraft:custom":{"minecraft:animals_bred":4,"minecraft:interact_with_crafting_table":71,"minecraft:open_barrel":6,"minecraft:leave_game":48,"minecraft:time_since_death":68585,"minecraft:sprint_one_cm":1332598,"minecraft:drop":179,"minecraft:play_time":468505,"minecraft:deaths":12,"minecraft:jump":9190,"minecraft:walk_on_water_one_cm":62640,"minecraft:interact_with_furnace":30,"minecraft:interact_with_loom":12,"minecraft:sleep_in_bed":11,"minecraft:waystone_activated":1,"minecraft:damage_dealt":21928,"minecraft:crouch_one_cm":128129,"minecraft:interact_with_smoker":28,"minecraft:mob_kills":137,"minecraft:climb_one_cm":23496,"minecraft:walk_one_cm":929033,"minecraft:sneak_time":34564,"minecraft:walk_under_water_one_cm":40676,"minecraft:boat_one_cm":43005,"minecraft:interact_with_blast_furnace":17,"minecraft:total_world_time":468505,"minecraft:time_since_rest":27552,"minecraft:damage_taken":8938,"minecraft:swim_one_cm":59177,"minecraft:fly_one_cm":2015356,"minecraft:open_chest":338,"minecraft:fall_one_cm":362644}},"DataVersion":3465}