{"stats":{"minecraft:broken":{"minecraft:wooden_pickaxe":1,"minecraft:iron_pickaxe":5},"minecraft:mined":{"minecraft:dark_oak_planks":6,"minecraft:mossy_cobblestone":9,"epicsamurai:deepslate_onyx_ore":4,"minecraft:deepslate_diamond_ore":5,"minecraft:dark_oak_log":2,"minecraft:cave_vines_plant":1,"minecraft:glow_lichen":1,"minecraft:dark_oak_fence":3,"gravestone:gravestone":21,"minecraft:granite":3,"minecraft:acacia_log":18,"minecraft:grass_block":158,"minecraft:birch_slab":1,"minecraft:moss_block":7,"minecraft:gilded_blackstone":2,"minecraft:smooth_stone":1,"minecraft:tall_seagrass":1,"epicsamurai:deepslate_jade_ore":1,"minecraft:oak_trapdoor":1,"minecraft:black_glazed_terracotta":12,"minecraft:iron_ore":17,"minecraft:andesite":7,"minecraft:pumpkin":1,"minecraft:deepslate_lapis_ore":7,"minecraft:cave_vines":2,"minecraft:deepslate_iron_ore":2,"minecraft:lantern":10,"minecraft:stone":1369,"minecraft:acacia_leaves":1,"minecraft:flowering_azalea":1,"minecraft:soul_sand":57,"minecraft:cyan_terracotta":10,"minecraft:blackstone":2,"galosphere:deepslate_silver_ore":6,"minecraft:clay":2,"minecraft:torch":1,"minecraft:dark_oak_wood":2,"galosphere:silver_ore":1,"minecraft:cobblestone":155,"minecraft:wall_torch":1,"minecraft:seagrass":1,"minecraft:purple_wool":1,"minecraft:chain":4,"minecraft:birch_planks":5,"minecraft:coarse_dirt":43,"minecraft:black_concrete_powder":2,"minecraft:lapis_block":1,"minecraft:birch_trapdoor":5,"minecraft:birch_leaves":1,"minecraft:stone_brick_stairs":2,"minecraft:smooth_stone_slab":2,"minecraft:tnt":1,"minecraft:grass":6,"minecraft:coal_ore":22,"minecraft:oak_log":15,"minecraft:dark_oak_sapling":1,"minecraft:cherry_leaves":5,"minecraft:gravel":16,"minecraft:dirt":170,"minecraft:stone_bricks":6,"minecraft:oak_leaves":2,"minecraft:deepslate":11},"minecraft:crafted":{"expanded_combat:iron_claymore":1,"minecraft:iron_boots":1,"minecraft:iron_axe":1,"minecraft:dark_oak_planks":16,"minecraft:stone_bricks":324,"minecraft:crafting_table":1,"minecraft:wooden_pickaxe":2,"minecraft:stone_brick_stairs":24,"minecraft:iron_chestplate":1,"minecraft:stick":4,"minecraft:iron_ingot":1,"minecraft:iron_pickaxe":4,"minecraft:iron_shovel":1,"minecraft:iron_leggings":1,"minecraft:acacia_planks":72},"minecraft:picked_up":{"minecraft:coarse_dirt":44,"minecraft:crafting_table":2,"minecraft:wheat":2,"illagerinvasion:platinum_chunk":1,"minecraft:clay_ball":4,"minecraft:prismarine_shard":3,"minecraft:lead":10,"epicsamurai:iron_samurai_leggings":1,"minecraft:gilded_blackstone":1,"minecraft:stone_brick_stairs":6,"minecraft:chain":4,"gravestone:obituary":9,"minecraft:shield":1,"epicsamurai:iron_samurai_chestplate":1,"minecraft:lapis_block":1,"minecraft:music_disc_cat":1,"minecraft:oak_trapdoor":1,"minecraft:string":3,"minecraft:moss_carpet":2,"epicsamurai:jade":4,"minecraft:iron_shovel":1,"minecraft:zombie_head":2,"minecraft:blackstone":8,"minecraft:cobbled_deepslate":5,"minecraft:gold_nugget":3,"minecraft:smooth_stone":1,"minecraft:black_glazed_terracotta":10,"minecraft:oak_boat":4,"minecraft:player_head":1,"minecraft:iron_pickaxe":5,"minecraft:chest":1,"minecraft:egg":2,"minecraft:stick":53,"minecraft:raw_iron":17,"minecraft:stone":10,"minecraft:birch_trapdoor":5,"minecraft:torch":10,"minecraft:acacia_log":18,"minecraft:porkchop":2,"farmersdelight:tomato_seeds":21,"minecraft:cherry_log":6,"minecraft:redstone":2,"minecraft:dark_oak_planks":11,"travelersbackpack:iron":1,"minecraft:tnt":2,"minecraft:stone_sword":1,"minecraft:arrow":4,"minecraft:rotten_flesh":49,"minecraft:cyan_terracotta":3,"minecraft:glow_berries":2,"minecraft:cobblestone":1487,"minecraft:lilac":1,"minecraft:birch_slab":3,"minecraft:water_bucket":1,"minecraft:andesite":7,"minecraft:potato":2,"minecraft:birch_planks":4,"minecraft:tuff":14,"minecraft:oak_log":15,"minecraft:golden_boots":1,"minecraft:cobblestone_wall":1,"minecraft:gunpowder":4,"minecraft:acacia_boat":1,"minecraft:lapis_lazuli":45,"minecraft:dirt":335,"minecraft:paper":7,"minecraft:lantern":11,"minecraft:name_tag":2,"minecraft:leather_boots":2,"minecraft:bone":1,"minecraft:stone_bricks":6,"minecraft:bow":1,"minecraft:wheat_seeds":4,"expanded_combat:iron_claymore":1,"minecraft:spore_blossom":1,"minecraft:stone_pickaxe":1,"minecraft:iron_ingot":2,"fishofthieves:earthworms":31,"minecraft:glass_bottle":2,"galosphere:raw_silver":7,"minecraft:moss_block":4,"minecraft:flowering_azalea":2,"minecraft:soul_sand":55,"epicsamurai:onyx":4,"minecraft:pumpkin":3,"minecraft:music_disc_13":2,"muffins_thaidelight:lime_sapling":45,"minecraft:gravel":48,"minecraft:birch_stairs":6,"minecraft:grass_block":1,"minecraft:gold_ore":10,"minecraft:dark_oak_log":10,"minecraft:spider_eye":1,"minecraft:mossy_cobblestone":8,"epicsamurai:iron_samurai_boots":1,"travelersbackpack:standard":2,"expanded_combat:iron_katana":1,"epicsamurai:iron_samurai_helmet":1,"minecraft:black_concrete_powder":6,"minecraft:diamond":6,"muffins_thaidelight:lime":263,"minecraft:iron_helmet":4,"minecraft:granite":2,"minecraft:cherry_sapling":12,"minecraft:emerald":3,"alexsmobs:maggot":1,"minecraft:oak_sapling":6,"minecraft:dark_oak_wood":2,"minecraft:dark_oak_fence":4,"minecraft:coal":19,"minecraft:ender_pearl":3},"minecraft:killed_by":{"minecraft:pillager":1,"minecraft:enderman":1,"minecraft:vindicator":3,"alexsmobs:crocodile":1,"tinyskeletons:baby_skeleton":1,"minecraft:zombie":6,"illagerinvasion:marauder":2,"epicsamurai:kitsune":1},"minecraft:used":{"muffins_thaidelight:lime":92,"minecraft:iron_shovel":306,"minecraft:stone":1,"minecraft:iron_sword":3,"minecraft:player_head":1,"minecraft:torch":9,"minecraft:dirt":210,"expanded_combat:iron_claymore":158,"minecraft:cyan_terracotta":1,"minecraft:lantern":10,"minecraft:iron_axe":14,"minecraft:stone_brick_stairs":20,"minecraft:stone_bricks":156,"minecraft:egg":2,"minecraft:acacia_planks":1,"expanded_combat:iron_katana":5,"minecraft:water_bucket":2,"minecraft:ender_pearl":1,"minecraft:wooden_pickaxe":99,"muffins_thaidelight:lime_sapling":42,"alexscaves:cave_book":1,"minecraft:oak_log":1,"minecraft:black_terracotta":9,"minecraft:iron_pickaxe":1635,"minecraft:cobblestone":779,"travelersbackpack:standard":3,"minecraft:andesite":7,"minecraft:bucket":1,"minecraft:oak_boat":2,"alexsmobs:animal_dictionary":1,"minecraft:coarse_dirt":38},"minecraft:dropped":{"farmersdelight:tomato_seeds":14,"minecraft:gold_ore":10,"minecraft:iron_ingot":2,"minecraft:moss_block":4,"minecraft:wheat_seeds":2,"minecraft:cherry_log":6,"minecraft:lilac":1,"minecraft:oak_log":9,"minecraft:mossy_cobblestone":8,"minecraft:spore_blossom":1,"minecraft:crafting_table":2,"minecraft:iron_helmet":2,"minecraft:cobblestone":76,"minecraft:glow_berries":2,"minecraft:granite":2,"travelersbackpack:standard":1,"minecraft:grass_block":1,"minecraft:birch_slab":1,"minecraft:stick":46,"minecraft:flint":4,"minecraft:emerald":3,"minecraft:cyan_terracotta":4,"minecraft:dirt":93,"minecraft:dark_oak_log":8,"minecraft:diorite":9,"minecraft:dark_oak_fence":1,"minecraft:dark_oak_wood":1,"minecraft:zombie_head":2,"gravestone:obituary":21,"minecraft:gold_nugget":3,"minecraft:pumpkin":2,"minecraft:flowering_azalea":2,"minecraft:iron_axe":1,"expanded_combat:iron_claymore":1,"minecraft:iron_pickaxe":4,"minecraft:mossy_cobblestone_stairs":4,"minecraft:smooth_stone":1,"minecraft:paper":3,"minecraft:iron_shovel":1,"minecraft:dark_oak_planks":18,"minecraft:string":1,"minecraft:birch_stairs":6,"minecraft:bone":1,"minecraft:redstone":2,"minecraft:stone_axe":1,"minecraft:moss_carpet":2,"minecraft:blackstone":8,"minecraft:stone_sword":2,"minecraft:cobbled_deepslate":5,"minecraft:cobblestone_wall":1,"minecraft:tuff":14,"alexscaves:cave_tablet":1,"minecraft:raw_iron":7,"minecraft:cherry_sapling":9,"minecraft:rotten_flesh":39,"muffins_thaidelight:lime":65,"minecraft:clay_ball":4,"travelersbackpack:iron":1,"minecraft:flint_and_steel":1,"minecraft:potato":6,"minecraft:stone":10,"minecraft:shield":1,"minecraft:black_concrete_powder":6,"fishofthieves:earthworms":3,"minecraft:golden_leggings":1,"minecraft:oak_boat":1,"minecraft:oak_sapling":1,"minecraft:chest":2,"farmersdelight:rope":4,"minecraft:stone_bricks":64,"minecraft:wooden_pickaxe":2,"minecraft:arrow":2,"minecraft:bow":1,"minecraft:stone_pickaxe":2},"minecraft:killed":{"minecraft:spider":2,"illagerinvasion:marauder":1,"minecraft:phantom":1,"minecraft:skeleton":3,"minecraft:pig":1,"illagerinvasion:alchemist":1,"endermanoverhaul:savanna_enderman":1,"minecraft:pillager":2,"alexsmobs:flutter":2,"minecraft:zombie":35,"alexsmobs:fly":4},"minecraft:custom":{"minecraft:mob_kills":53,"minecraft:interact_with_crafting_table":23,"minecraft:open_barrel":2,"minecraft:leave_game":4,"minecraft:time_since_death":1385,"minecraft:climb_one_cm":9901,"minecraft:sprint_one_cm":638027,"minecraft:walk_one_cm":1387534,"minecraft:drop":166,"minecraft:play_time":360862,"minecraft:deaths":22,"minecraft:sneak_time":13777,"minecraft:walk_under_water_one_cm":51068,"minecraft:boat_one_cm":91887,"minecraft:jump":4073,"minecraft:interact_with_blast_furnace":1,"minecraft:walk_on_water_one_cm":55163,"minecraft:total_world_time":360862,"minecraft:interact_with_furnace":27,"minecraft:interact_with_loom":6,"minecraft:interact_with_stonecutter":4,"minecraft:sleep_in_bed":4,"minecraft:time_since_rest":1420,"minecraft:waystone_activated":1,"minecraft:damage_taken":8311,"minecraft:damage_dealt":10071,"minecraft:swim_one_cm":232606,"minecraft:fly_one_cm":364381,"minecraft:open_chest":43,"minecraft:crouch_one_cm":43659,"minecraft:fall_one_cm":87812,"minecraft:inspect_dispenser":3}},"DataVersion":3465}