{"stats":{"minecraft:custom":{"minecraft:jump":6,"minecraft:time_since_rest":2407,"minecraft:leave_game":1,"minecraft:crouch_one_cm":29,"minecraft:walk_on_water_one_cm":867,"minecraft:sprint_one_cm":959,"minecraft:play_time":2407,"minecraft:damage_taken":10,"minecraft:time_since_death":2407,"minecraft:walk_one_cm":217,"minecraft:sneak_time":172,"minecraft:total_world_time":2407,"minecraft:walk_under_water_one_cm":2874,"minecraft:fall_one_cm":602,"minecraft:fly_one_cm":71926}},"DataVersion":3465}