{"stats":{"minecraft:used":{"minecraft:iron_shovel":703,"minecraft:dispenser":1,"minecraft:ladder":4,"minecraft:chest":2,"fishofthieves:pondie":1,"minecraft:player_head":1,"minecraft:carrot":19,"travelersbackpack:iron":2,"minecraft:lantern":2,"minecraft:grass_block":1,"minecraft:birch_sapling":16,"minecraft:stone_brick_stairs":18,"minecraft:stone_bricks":153,"minecraft:birch_trapdoor":6,"minecraft:oak_sapling":5,"minecraft:egg":1,"cataclysm:stone_tile_slab":1,"minecraft:stone_pickaxe":446,"minecraft:oak_planks":158,"minecraft:wooden_pickaxe":4,"minecraft:diamond_axe":7,"epicsamurai:white_samurai_helmet":1,"muffins_thaidelight:lime_sapling":6,"epicsamurai:white_samurai_leggings":1,"minecraft:stone_brick_wall":5,"minecraft:birch_fence":183,"minecraft:birch_slab":282,"minecraft:diamond_sword":207,"epicsamurai:white_samurai_chestplate":1,"minecraft:andesite":8,"minecraft:smooth_stone_slab":1,"minecraft:oak_boat":6,"minecraft:coarse_dirt":23,"muffins_thaidelight:lime":12,"minecraft:cherry_boat":1,"minecraft:stone_shovel":144,"minecraft:wooden_shovel":62,"minecraft:cooked_chicken":62,"minecraft:torch":121,"fishofthieves:earthworms":3,"minecraft:dirt":818,"minecraft:granite":15,"minecraft:stone_brick_slab":117,"minecraft:dark_oak_planks":16,"minecraft:iron_axe":412,"minecraft:oak_stairs":37,"expanded_combat:iron_katana":227,"minecraft:calcite":147,"minecraft:acacia_boat":3,"minecraft:water_bucket":14,"minecraft:birch_planks":107,"minecraft:cherry_planks":5,"epicsamurai:white_samurai_boots":1,"minecraft:cauldron":1,"minecraft:stonecutter":1,"farmersdelight:onion":9,"cataclysm:stone_pillar":36,"minecraft:oak_slab":7,"minecraft:crafting_table":3,"minecraft:oak_log":33,"minecraft:iron_pickaxe":2123,"muffins_thaidelight:papaya":21,"minecraft:stone_axe":67,"minecraft:cobblestone":824,"minecraft:bucket":18,"minecraft:glass_pane":6,"minecraft:yellow_bed":1,"alexsmobs:animal_dictionary":3,"minecraft:birch_stairs":2},"minecraft:crafted":{"minecraft:oak_planks":372,"minecraft:birch_slab":252,"minecraft:cherry_boat":1,"minecraft:stone":20,"minecraft:stone_brick_slab":72,"minecraft:chest":2,"minecraft:stone_bricks":1,"minecraft:oak_slab":72,"minecraft:wooden_shovel":2,"minecraft:crafting_table":3,"minecraft:wooden_pickaxe":1,"minecraft:birch_planks":696,"minecraft:stone_brick_stairs":36,"minecraft:birch_fence":192,"minecraft:stick":372,"minecraft:iron_ingot":16,"minecraft:iron_pickaxe":10,"minecraft:cherry_planks":44,"minecraft:stone_shovel":4,"minecraft:glass_pane":32,"minecraft:ladder":15,"minecraft:stone_pickaxe":4,"minecraft:dark_oak_planks":12,"minecraft:bucket":1,"minecraft:stone_axe":2,"minecraft:acacia_boat":1,"minecraft:air":0,"minecraft:oak_boat":4,"minecraft:oak_stairs":44,"minecraft:iron_shovel":2,"minecraft:stonecutter":1,"minecraft:acacia_planks":52,"minecraft:torch":92},"minecraft:dropped":{"muffins_thaidelight:lime_sapling":19,"minecraft:candle":3,"minecraft:birch_planks":186,"minecraft:oak_log":5,"minecraft:crafting_table":1,"minecraft:birch_slab":38,"minecraft:red_mushroom":1,"minecraft:cyan_terracotta":2,"minecraft:dirt":134,"minecraft:dark_oak_log":4,"gravestone:obituary":23,"farmersdelight:onion":2,"minecraft:phantom_membrane":1,"muffins_thaidelight:papaya_sapling":8,"minecraft:iron_pickaxe":3,"minecraft:dark_oak_planks":6,"minecraft:birch_stairs":6,"minecraft:bone":4,"minecraft:stone_axe":1,"minecraft:iron_nugget":12,"minecraft:cooked_chicken":1,"minecraft:cherry_sapling":9,"minecraft:oak_planks":10,"minecraft:gunpowder":3,"minecraft:skeleton_skull":1,"minecraft:leather_boots":1,"minecraft:iron_ingot":31,"minecraft:oak_slab":2,"minecraft:light_blue_candle":2,"minecraft:wheat_seeds":4,"minecraft:mossy_cobblestone":3,"minecraft:cobblestone":172,"minecraft:prismarine_crystals":2,"minecraft:granite":1,"minecraft:orange_candle":2,"minecraft:coal":2,"minecraft:stick":11,"minecraft:diorite":3,"minecraft:torch":46,"minecraft:cherry_planks":6,"minecraft:zombie_head":3,"alexsmobs:maggot":2,"minecraft:coarse_dirt":1,"minecraft:stone_sword":1,"minecraft:smooth_stone_slab":2,"minecraft:raw_iron":5,"minecraft:stone_shovel":3,"minecraft:yellow_candle":2,"minecraft:potato":1,"minecraft:stone":1,"fishofthieves:earthworms":23,"minecraft:andesite":8,"minecraft:magenta_candle":1,"minecraft:stone_pickaxe":3},"minecraft:picked_up":{"minecraft:flower_pot":1,"minecraft:oak_stairs":3,"minecraft:brewing_stand":1,"minecraft:lapis_block":4,"minecraft:string":5,"minecraft:smooth_stone_slab":6,"minecraft:zombie_head":9,"minecraft:smooth_stone":1,"minecraft:cobblestone_slab":36,"minecraft:calcite":393,"minecraft:azalea":1,"minecraft:iron_pickaxe":4,"minecraft:enchanted_golden_apple":1,"minecraft:stick":44,"minecraft:birch_trapdoor":7,"minecraft:torch":68,"minecraft:acacia_log":15,"minecraft:porkchop":3,"minecraft:cherry_log":12,"minecraft:diorite":4,"minecraft:cauldron":1,"travelersbackpack:iron":3,"minecraft:stone_sword":1,"minecraft:rotten_flesh":112,"farmersdelight:onion":9,"minecraft:cyan_terracotta":3,"cataclysm:stone_pillar":45,"minecraft:cobblestone":1512,"minecraft:birch_log":271,"minecraft:cherry_planks":6,"minecraft:iron_door":1,"minecraft:birch_slab":174,"minecraft:andesite":17,"minecraft:potato":2,"minecraft:acacia_boat":2,"cataclysm:stone_tile_slab":63,"minecraft:lantern":4,"minecraft:dirt":1416,"minecraft:leather_boots":1,"minecraft:bone":16,"minecraft:bow":1,"minecraft:wheat_seeds":19,"fishofthieves:earthworms":124,"galosphere:raw_silver":3,"minecraft:magenta_candle":1,"minecraft:oak_planks":23,"miners_delight:gossypium":1,"fishofthieves:pondie":1,"minecraft:grass_block":2,"minecraft:lily_of_the_valley":1,"minecraft:dark_oak_log":12,"minecraft:mossy_cobblestone":7,"galosphere:silver_nugget":2,"minecraft:dispenser":1,"minecraft:lever":1,"minecraft:soul_lantern":1,"muffins_thaidelight:lime":56,"minecraft:granite":16,"minecraft:emerald":2,"alexsmobs:maggot":6,"minecraft:oak_sapling":21,"minecraft:light_blue_candle":2,"minecraft:crafting_table":1,"minecraft:coarse_dirt":46,"muffins_thaidelight:pepper_seeds":12,"gravestone:obituary":9,"minecraft:yellow_candle":2,"minecraft:iron_axe":1,"minecraft:iron_shovel":1,"minecraft:birch_fence":22,"minecraft:candle":3,"minecraft:oak_boat":2,"minecraft:player_head":1,"minecraft:iron_nugget":12,"minecraft:birch_sapling":60,"minecraft:phantom_membrane":2,"minecraft:egg":1,"minecraft:raw_iron":24,"minecraft:stone":28,"minecraft:carrot":39,"minecraft:redstone":1,"minecraft:prismarine_crystals":2,"minecraft:dark_oak_planks":18,"minecraft:tnt":9,"minecraft:arrow":13,"muffins_thaidelight:pepper":14,"minecraft:skeleton_skull":11,"minecraft:red_mushroom":1,"minecraft:birch_planks":237,"minecraft:oak_log":116,"minecraft:yellow_bed":1,"minecraft:cobblestone_stairs":1,"galosphere:lumiere_shard":14,"minecraft:apple":3,"minecraft:stone_bricks":195,"minecraft:iron_ingot":34,"minecraft:stone_pickaxe":6,"minecraft:cooked_chicken":1,"galosphere:allurite_shard":46,"epicsamurai:aquamarine":4,"minecraft:soul_sand":30,"travelersbackpack:blank_upgrade":2,"minecraft:book":160,"minecraft:oak_slab":2,"minecraft:stone_brick_slab":24,"muffins_thaidelight:lime_sapling":25,"galosphere:lumiere_block":10,"minecraft:gravel":2,"minecraft:birch_stairs":52,"minecraft:orange_candle":2,"minecraft:gold_ore":5,"minecraft:spider_eye":2,"galosphere:allurite_block":192,"muffins_thaidelight:papaya":21,"minecraft:cherry_sapling":11,"minecraft:coal":70,"minecraft:ender_pearl":2},"minecraft:mined":{"minecraft:dark_oak_planks":20,"galosphere:glinted_allurite_cluster":5,"minecraft:cherry_log":11,"minecraft:cobblestone_stairs":1,"galosphere:allurite_cluster":2,"minecraft:brewing_stand":2,"cataclysm:stone_pillar":2,"minecraft:granite":25,"minecraft:grass_block":522,"minecraft:orange_candle":1,"minecraft:spawner":2,"minecraft:smooth_stone":3,"minecraft:tall_seagrass":1,"galosphere:lumiere_block":10,"minecraft:iron_ore":28,"minecraft:cobbled_deepslate":1,"minecraft:moss_carpet":1,"minecraft:cave_vines":2,"minecraft:water_cauldron":1,"minecraft:oak_stairs":3,"muffins_thaidelight:wild_pepper":4,"minecraft:azalea":1,"minecraft:cyan_terracotta":4,"minecraft:soul_lantern":1,"minecraft:torch":22,"minecraft:calcite":393,"galosphere:silver_ore":3,"minecraft:glass":8,"minecraft:cobblestone":49,"galosphere:lumiere_cluster":1,"minecraft:oak_planks":7,"cataclysm:stone_tile_slab":1,"minecraft:iron_door":1,"minecraft:wall_torch":16,"minecraft:skeleton_skull":11,"minecraft:birch_log":214,"minecraft:lapis_block":4,"epicsamurai:aquamarine_ore":4,"minecraft:birch_trapdoor":1,"minecraft:tnt":9,"minecraft:smooth_stone_slab":4,"minecraft:grass":24,"diagonalwindows:minecraft/glass_pane":2,"minecraft:oak_log":50,"minecraft:dirt":642,"galosphere:glinted_lumiere_cluster":2,"minecraft:dispenser":1,"minecraft:oak_leaves":9,"farmersdelight:onions":2,"minecraft:mossy_cobblestone":7,"minecraft:candle":1,"farmersdelight:wild_carrots":5,"minecraft:dark_oak_log":8,"minecraft:sea_lantern":1,"minecraft:lever":1,"gravestone:gravestone":7,"minecraft:yellow_candle":1,"minecraft:redstone_wire":1,"minecraft:birch_slab":62,"minecraft:carrots":8,"minecraft:andesite":16,"minecraft:bookshelf":40,"minecraft:cobblestone_slab":1,"minecraft:vine":5,"minecraft:lantern":3,"minecraft:stone":1573,"muffins_thaidelight:lime_bush":17,"minecraft:oak_slab":2,"minecraft:birch_stairs":6,"minecraft:cherry_planks":3,"minecraft:soul_sand":16,"minecraft:potted_lily_of_the_valley":1,"minecraft:stone_brick_slab":29,"minecraft:crafting_table":2,"muffins_thaidelight:papaya":21,"minecraft:tall_grass":2,"minecraft:copper_ore":2,"minecraft:diorite":8,"galosphere:allurite_block":193,"minecraft:birch_planks":3,"minecraft:coarse_dirt":44,"minecraft:birch_leaves":1,"minecraft:magenta_candle":1,"minecraft:yellow_bed":1,"minecraft:coal_ore":49,"minecraft:light_blue_candle":1,"minecraft:cherry_leaves":1,"minecraft:zombie_head":7,"minecraft:gravel":3,"minecraft:cobweb":1,"minecraft:stone_bricks":79,"minecraft:birch_fence":10},"minecraft:custom":{"minecraft:interact_with_crafting_table":45,"minecraft:leave_game":3,"minecraft:time_since_death":26865,"minecraft:sprint_one_cm":1292010,"minecraft:drop":159,"minecraft:play_time":552260,"minecraft:deaths":14,"minecraft:jump":6269,"minecraft:interact_with_brewingstand":2,"minecraft:walk_on_water_one_cm":47727,"minecraft:interact_with_furnace":43,"minecraft:interact_with_loom":2,"minecraft:sleep_in_bed":8,"minecraft:waystone_activated":1,"minecraft:damage_dealt":29524,"minecraft:crouch_one_cm":293837,"minecraft:mob_kills":151,"minecraft:fill_cauldron":2,"minecraft:climb_one_cm":17387,"minecraft:walk_one_cm":1997783,"minecraft:sneak_time":76341,"minecraft:walk_under_water_one_cm":96165,"minecraft:boat_one_cm":109941,"minecraft:total_world_time":552260,"minecraft:interact_with_stonecutter":10,"minecraft:time_since_rest":2505,"minecraft:damage_taken":6817,"minecraft:swim_one_cm":85373,"minecraft:fly_one_cm":927853,"minecraft:open_chest":136,"minecraft:fall_one_cm":111330},"minecraft:killed":{"minecraft:spider":4,"illagerinvasion:basher":1,"minecraft:skeleton":10,"minecraft:bee":1,"minecraft:illusioner":1,"minecraft:pig":3,"minecraft:zombie_villager":1,"epicsamurai:kitsune":1,"endermanoverhaul:savanna_enderman":3,"minecraft:pillager":1,"tinyskeletons:baby_skeleton":1,"minecraft:zombie":105,"alexsmobs:fly":9,"minecraft:vindicator":1,"minecraft:phantom":4,"creeperoverhaul:savannah_creeper":4},"minecraft:broken":{"minecraft:iron_shovel":3,"minecraft:wooden_shovel":1,"minecraft:stone_pickaxe":3,"minecraft:stone_shovel":1,"minecraft:iron_axe":1,"minecraft:iron_pickaxe":8},"minecraft:killed_by":{"minecraft:drowned":3,"minecraft:zombie":3,"minecraft:player":1,"minecraft:skeleton":3}},"DataVersion":3465}