{"stats":{"minecraft:used":{"minecraft:iron_shovel":249,"minecraft:stone_shovel":138,"minecraft:wooden_shovel":59,"minecraft:cooked_chicken":24,"minecraft:torch":36,"fishofthieves:earthworms":1,"minecraft:dirt":808,"travelersbackpack:iron":1,"minecraft:granite":15,"minecraft:stone_brick_slab":117,"minecraft:iron_axe":308,"minecraft:birch_sapling":16,"minecraft:stone_bricks":19,"minecraft:birch_trapdoor":6,"minecraft:oak_sapling":5,"minecraft:egg":1,"cataclysm:stone_tile_slab":1,"minecraft:calcite":139,"expanded_combat:iron_katana":36,"minecraft:birch_planks":107,"minecraft:stone_pickaxe":362,"minecraft:oak_planks":148,"minecraft:cherry_planks":5,"epicsamurai:white_samurai_boots":1,"minecraft:stonecutter":1,"epicsamurai:white_samurai_helmet":1,"cataclysm:stone_pillar":36,"epicsamurai:white_samurai_leggings":1,"minecraft:stone_brick_wall":5,"minecraft:birch_fence":183,"minecraft:oak_log":33,"minecraft:birch_slab":280,"minecraft:iron_pickaxe":1041,"minecraft:stone_axe":67,"epicsamurai:white_samurai_chestplate":1,"minecraft:cobblestone":458,"minecraft:yellow_bed":1,"alexsmobs:animal_dictionary":1,"minecraft:coarse_dirt":13,"minecraft:birch_stairs":2},"minecraft:custom":{"minecraft:mob_kills":18,"minecraft:interact_with_crafting_table":16,"minecraft:leave_game":2,"minecraft:time_since_death":84473,"minecraft:sprint_one_cm":620137,"minecraft:walk_one_cm":921328,"minecraft:drop":69,"minecraft:play_time":235440,"minecraft:deaths":6,"minecraft:sneak_time":34788,"minecraft:walk_under_water_one_cm":19763,"minecraft:jump":3099,"minecraft:walk_on_water_one_cm":20754,"minecraft:total_world_time":235440,"minecraft:interact_with_furnace":19,"minecraft:interact_with_stonecutter":5,"minecraft:time_since_rest":84817,"minecraft:damage_taken":1939,"minecraft:damage_dealt":2291,"minecraft:swim_one_cm":35130,"minecraft:fly_one_cm":502451,"minecraft:open_chest":39,"minecraft:crouch_one_cm":158861,"minecraft:fall_one_cm":44595},"minecraft:mined":{"galosphere:glinted_allurite_cluster":5,"minecraft:cherry_log":10,"farmersdelight:wild_carrots":5,"galosphere:allurite_cluster":2,"gravestone:gravestone":2,"cataclysm:stone_pillar":2,"minecraft:granite":16,"minecraft:grass_block":345,"minecraft:birch_slab":60,"galosphere:lumiere_block":10,"minecraft:iron_ore":7,"minecraft:cobblestone_slab":1,"minecraft:water_cauldron":1,"muffins_thaidelight:wild_pepper":4,"minecraft:stone":620,"muffins_thaidelight:lime_bush":17,"minecraft:cherry_planks":3,"minecraft:potted_lily_of_the_valley":1,"minecraft:stone_brick_slab":29,"minecraft:torch":12,"minecraft:calcite":393,"galosphere:silver_ore":3,"galosphere:lumiere_cluster":1,"minecraft:cobblestone":9,"minecraft:tall_grass":2,"minecraft:oak_planks":2,"cataclysm:stone_tile_slab":1,"minecraft:wall_torch":5,"minecraft:birch_planks":3,"galosphere:allurite_block":193,"minecraft:coarse_dirt":21,"minecraft:birch_log":214,"minecraft:birch_trapdoor":1,"minecraft:birch_leaves":1,"minecraft:yellow_bed":1,"minecraft:grass":15,"diagonalwindows:minecraft/glass_pane":2,"minecraft:coal_ore":29,"minecraft:oak_log":44,"minecraft:cherry_leaves":1,"minecraft:dirt":285,"galosphere:glinted_lumiere_cluster":2,"minecraft:cobweb":1,"minecraft:stone_bricks":72,"minecraft:oak_leaves":7,"minecraft:birch_fence":10},"minecraft:dropped":{"muffins_thaidelight:lime_sapling":17,"minecraft:birch_planks":186,"minecraft:wheat_seeds":4,"minecraft:cobblestone":86,"minecraft:birch_slab":38,"minecraft:coal":2,"minecraft:stick":2,"minecraft:dirt":6,"minecraft:torch":4,"gravestone:obituary":8,"farmersdelight:onion":2,"minecraft:phantom_membrane":1,"muffins_thaidelight:papaya_sapling":8,"minecraft:stone_axe":1,"minecraft:cherry_sapling":9,"minecraft:raw_iron":5,"minecraft:stone_shovel":2,"minecraft:stone":1,"fishofthieves:earthworms":2,"minecraft:stone_pickaxe":1},"minecraft:crafted":{"minecraft:cherry_planks":36,"minecraft:oak_planks":188,"minecraft:stone_shovel":3,"minecraft:birch_slab":252,"minecraft:stone":20,"minecraft:stone_brick_slab":72,"minecraft:stone_pickaxe":3,"minecraft:wooden_shovel":1,"minecraft:birch_planks":696,"minecraft:stone_axe":2,"minecraft:air":0,"minecraft:stone_brick_stairs":36,"minecraft:birch_fence":192,"minecraft:stick":272,"minecraft:iron_pickaxe":3,"minecraft:stonecutter":1},"minecraft:killed":{"minecraft:phantom":4,"minecraft:skeleton":2,"minecraft:bee":1,"minecraft:zombie":2,"alexsmobs:fly":7,"creeperoverhaul:savannah_creeper":1},"minecraft:picked_up":{"minecraft:coarse_dirt":25,"minecraft:flower_pot":1,"muffins_thaidelight:pepper_seeds":12,"gravestone:obituary":2,"minecraft:string":1,"minecraft:iron_axe":1,"minecraft:birch_fence":22,"minecraft:cobblestone_slab":36,"minecraft:calcite":393,"minecraft:iron_pickaxe":2,"minecraft:enchanted_golden_apple":1,"minecraft:birch_sapling":60,"minecraft:phantom_membrane":2,"minecraft:egg":1,"minecraft:raw_iron":6,"minecraft:stick":43,"minecraft:stone":28,"minecraft:birch_trapdoor":7,"minecraft:torch":41,"minecraft:acacia_log":2,"minecraft:cherry_log":9,"minecraft:carrot":8,"minecraft:cauldron":1,"travelersbackpack:iron":1,"minecraft:arrow":2,"minecraft:rotten_flesh":7,"muffins_thaidelight:pepper":14,"cataclysm:stone_pillar":45,"minecraft:cobblestone":621,"minecraft:birch_log":271,"minecraft:cherry_planks":3,"minecraft:birch_slab":172,"minecraft:birch_planks":237,"minecraft:oak_log":109,"minecraft:yellow_bed":1,"cataclysm:stone_tile_slab":63,"minecraft:dirt":946,"galosphere:lumiere_shard":14,"minecraft:bone":2,"minecraft:apple":3,"minecraft:stone_bricks":125,"minecraft:wheat_seeds":5,"minecraft:iron_ingot":1,"minecraft:stone_pickaxe":1,"minecraft:cooked_chicken":1,"fishofthieves:earthworms":61,"galosphere:allurite_shard":46,"galosphere:raw_silver":3,"minecraft:oak_planks":2,"travelersbackpack:blank_upgrade":2,"minecraft:stone_brick_slab":24,"muffins_thaidelight:lime_sapling":17,"galosphere:lumiere_block":10,"minecraft:birch_stairs":46,"minecraft:lily_of_the_valley":1,"galosphere:allurite_block":192,"muffins_thaidelight:lime":42,"minecraft:granite":15,"minecraft:cherry_sapling":9,"alexsmobs:maggot":4,"minecraft:oak_sapling":20,"minecraft:coal":31},"minecraft:broken":{"minecraft:iron_shovel":1,"minecraft:wooden_shovel":1,"minecraft:stone_pickaxe":2,"minecraft:iron_axe":1,"minecraft:iron_pickaxe":4,"minecraft:stone_shovel":1},"minecraft:killed_by":{"minecraft:player":1,"minecraft:drowned":3,"minecraft:skeleton":1}},"DataVersion":3465}