{"stats":{"minecraft:broken":{"minecraft:iron_shovel":5,"minecraft:golden_leggings":1,"minecraft:stone_axe":1,"minecraft:wooden_axe":3,"minecraft:stone_shovel":2,"expanded_combat:iron_katana":1,"minecraft:iron_axe":1,"minecraft:iron_pickaxe":10},"minecraft:mined":{"minecraft:dark_oak_planks":6,"miners_delight:wild_cave_carrots":17,"galosphere:glinted_allurite_cluster":5,"minecraft:spruce_planks":1,"minecraft:oak_sapling":3,"minecraft:cobblestone_stairs":1,"minecraft:cherry_log":81,"minecraft:sculk_vein":2,"galosphere:allurite_cluster":17,"minecraft:cave_vines_plant":13,"cataclysm:stone_pillar":47,"minecraft:granite":9,"minecraft:acacia_log":10,"epicsamurai:silver_ore":9,"minecraft:grass_block":889,"minecraft:stone_brick_wall":1,"travelersbackpack:iron":1,"minecraft:gilded_blackstone":2,"minecraft:spawner":1,"epicsamurai:deepslate_jade_ore":2,"galosphere:lumiere_block":33,"minecraft:mossy_cobblestone_stairs":5,"minecraft:cobbled_deepslate":9,"minecraft:iron_ore":63,"minecraft:fire":16,"minecraft:moss_carpet":1,"minecraft:deepslate_lapis_ore":20,"minecraft:cave_vines":12,"epicsamurai:deepslate_silver_ore":3,"illagerinvasion:magic_fire":38,"minecraft:potted_cornflower":1,"minecraft:green_bed":1,"minecraft:deepslate_redstone_ore":14,"minecraft:cyan_terracotta":3,"minecraft:blackstone":3,"minecraft:clay":1,"minecraft:torch":47,"muffins_thaidelight:lime_sapling":3,"minecraft:dark_oak_wood":10,"minecraft:calcite":4,"minecraft:polished_andesite_stairs":1,"galosphere:silver_ore":5,"minecraft:glass":12,"minecraft:cobblestone":66,"galosphere:lumiere_cluster":3,"minecraft:sugar_cane":15,"minecraft:oak_planks":1,"minecraft:wall_torch":24,"minecraft:cauldron":1,"minecraft:deepslate_copper_ore":2,"minecraft:birch_sapling":3,"minecraft:skeleton_skull":2,"farmersdelight:sandy_shrub":2,"minecraft:black_concrete_powder":1,"minecraft:birch_log":248,"minecraft:birch_trapdoor":1,"minecraft:tnt":3,"minecraft:smooth_stone_slab":1,"minecraft:grass":8,"diagonalwindows:minecraft/glass_pane":2,"minecraft:oak_log":277,"minecraft:sand":26,"minecraft:dirt":635,"minecraft:red_mushroom_block":1,"minecraft:potted_red_tulip":1,"minecraft:oak_leaves":7,"minecraft:deepslate":232,"minecraft:suspicious_gravel":1,"alexscaves:spelunkery_table":2,"minecraft:tuff":27,"farmersdelight:onions":9,"minecraft:mossy_cobblestone":2,"epicsamurai:deepslate_onyx_ore":8,"minecraft:deepslate_diamond_ore":20,"farmersdelight:wild_carrots":5,"gravestone:gravestone":14,"epicsamurai:deepslate_ruby_ore":9,"minecraft:birch_slab":81,"minecraft:spruce_leaves":1,"minecraft:moss_block":16,"minecraft:spore_blossom":1,"minecraft:carrots":36,"minecraft:black_glazed_terracotta":14,"miners_delight:gossypium":1,"minecraft:andesite":16,"minecraft:bookshelf":13,"minecraft:potatoes":9,"minecraft:deepslate_iron_ore":65,"minecraft:cobblestone_slab":3,"minecraft:lantern":7,"minecraft:stripped_oak_log":2,"minecraft:stone":1480,"muffins_thaidelight:lime_bush":5,"epicsamurai:jade_ore":1,"minecraft:flowering_azalea":10,"minecraft:glass_pane":4,"minecraft:soul_sand":14,"minecraft:potted_lily_of_the_valley":1,"galosphere:deepslate_silver_ore":83,"epicsamurai:deepslate_aquamarine_ore":9,"minecraft:crafting_table":1,"muffins_thaidelight:papaya":6,"minecraft:tall_grass":9,"minecraft:copper_ore":38,"minecraft:deepslate_gold_ore":49,"minecraft:diorite":35,"farmersdelight:wild_beetroots":15,"minecraft:purple_wool":2,"galosphere:allurite_block":117,"minecraft:birch_planks":44,"minecraft:coarse_dirt":11,"minecraft:cobblestone_wall":1,"minecraft:coal_ore":212,"minecraft:gravel":38,"minecraft:cobweb":9,"minecraft:polished_andesite":2,"minecraft:stone_bricks":13,"minecraft:gold_ore":7,"minecraft:birch_fence":8},"minecraft:crafted":{"minecraft:smooth_stone":0,"ironchests:copper_chest":4,"minecraft:oak_planks":228,"minecraft:cobblestone_slab":90,"minecraft:birch_boat":2,"minecraft:birch_slab":432,"minecraft:cherry_boat":1,"minecraft:stone":98,"minecraft:glass":0,"epicsamurai:iron_samurai_helmet":1,"cataclysm:stone_pillar":1,"minecraft:chest":8,"minecraft:oak_button":3,"minecraft:stone_hoe":1,"minecraft:stone_bricks":1,"minecraft:crafting_table":8,"minecraft:wooden_pickaxe":3,"minecraft:copper_ingot":45,"minecraft:oak_wood":3,"minecraft:birch_planks":604,"expanded_combat:iron_katana":2,"minecraft:charcoal":4,"minecraft:birch_fence":51,"minecraft:stick":132,"minecraft:iron_ingot":98,"minecraft:iron_pickaxe":13,"minecraft:birch_stairs":56,"minecraft:wooden_sword":1,"minecraft:stone_shovel":1,"epicsamurai:iron_samurai_chestplate":1,"minecraft:furnace":6,"minecraft:blast_furnace":1,"minecraft:bone_meal":81,"epicsamurai:iron_samurai_leggings":1,"minecraft:glass_pane":16,"minecraft:flint_and_steel":1,"betterfurnacesreforged:copper_upgrade":1,"minecraft:iron_axe":1,"minecraft:stone_pickaxe":3,"minecraft:dark_oak_planks":20,"minecraft:iron_sword":2,"minecraft:bucket":2,"minecraft:stone_axe":2,"minecraft:air":0,"minecraft:oak_boat":7,"minecraft:wooden_axe":5,"minecraft:birch_trapdoor":6,"minecraft:iron_shovel":4,"minecraft:acacia_planks":20,"epicsamurai:steel_ingot":7,"minecraft:torch":256,"epicsamurai:iron_samurai_boots":1},"minecraft:picked_up":{"minecraft:flower_pot":3,"minecraft:lead":1,"alexscaves:cave_tablet":1,"minecraft:string":18,"minecraft:raw_copper":137,"minecraft:iron_leggings":1,"minecraft:smooth_stone_slab":1,"minecraft:beetroot":1,"minecraft:smooth_stone":2,"minecraft:cobbled_deepslate":250,"minecraft:black_glazed_terracotta":13,"minecraft:bucket":1,"minecraft:spruce_planks":1,"minecraft:calcite":4,"minecraft:cobblestone_slab":2,"minecraft:iron_pickaxe":3,"minecraft:enchanted_golden_apple":1,"minecraft:iron_boots":1,"minecraft:stick":86,"minecraft:birch_trapdoor":7,"minecraft:green_bed":1,"minecraft:torch":124,"minecraft:acacia_log":29,"travelersbackpack:iron_tier_upgrade":2,"minecraft:cherry_log":63,"minecraft:diorite":24,"alexsmobs:centipede_leg":1,"minecraft:cauldron":1,"travelersbackpack:iron":3,"minecraft:rotten_flesh":53,"farmersdelight:onion":36,"minecraft:red_tulip":1,"minecraft:cyan_terracotta":2,"cataclysm:stone_pillar":46,"minecraft:cobblestone":1623,"minecraft:birch_log":244,"minecraft:water_bucket":2,"minecraft:birch_slab":83,"minecraft:andesite":7,"minecraft:brown_wool":1,"minecraft:golden_leggings":1,"minecraft:potato":35,"minecraft:flint":2,"minecraft:tuff":27,"travelersbackpack:gold_tier_upgrade":2,"minecraft:lapis_lazuli":134,"minecraft:dirt":1787,"minecraft:lantern":7,"minecraft:bone":26,"minecraft:bow":4,"minecraft:wheat_seeds":6,"minecraft:raw_gold":56,"fishofthieves:earthworms":160,"galosphere:raw_silver":85,"minecraft:moss_block":14,"minecraft:magenta_candle":3,"minecraft:oak_planks":1,"epicsamurai:raw_silver":12,"miners_delight:gossypium":17,"minecraft:sand":26,"minecraft:grass_block":2,"minecraft:lily_of_the_valley":1,"minecraft:dark_oak_log":1,"minecraft:black_concrete_powder":1,"minecraft:diamond":21,"expanded_combat:iron_katana":1,"waystones:waystone":1,"muffins_thaidelight:lime":331,"muffins_thaidelight:papaya_sapling":8,"minecraft:granite":10,"minecraft:emerald":3,"alexsmobs:maggot":15,"minecraft:oak_sapling":102,"epicsamurai:ruby":9,"minecraft:light_blue_candle":4,"minecraft:crafting_table":3,"minecraft:coarse_dirt":15,"minecraft:clay_ball":4,"minecraft:stone_brick_wall":2,"gravestone:obituary":5,"minecraft:yellow_candle":2,"minecraft:shield":1,"minecraft:cornflower":1,"minecraft:moss_carpet":2,"minecraft:iron_axe":2,"miners_delight:cave_carrot":17,"epicsamurai:jade":3,"minecraft:iron_shovel":1,"minecraft:birch_fence":17,"minecraft:blackstone":1,"minecraft:candle":3,"minecraft:oak_boat":5,"minecraft:iron_nugget":6,"minecraft:sugar_cane":27,"minecraft:birch_sapling":60,"minecraft:phantom_membrane":6,"minecraft:raw_iron":143,"minecraft:stone":1,"minecraft:carrot":85,"minecraft:redstone":58,"minecraft:dark_oak_planks":15,"minecraft:tnt":2,"minecraft:arrow":33,"minecraft:stone_shovel":3,"minecraft:beetroot_seeds":15,"alexscaves:spelunkery_table":2,"minecraft:glow_berries":7,"minecraft:mutton":2,"minecraft:skeleton_skull":2,"minecraft:stripped_oak_log":4,"minecraft:glow_ink_sac":3,"minecraft:birch_planks":229,"fishofthieves:grubs":3,"minecraft:oak_log":285,"minecraft:cobblestone_wall":1,"minecraft:gunpowder":2,"minecraft:cobblestone_stairs":1,"galosphere:lumiere_shard":26,"minecraft:apple":11,"minecraft:stone_bricks":15,"minecraft:kelp":20,"alexsmobs:cockroach_wing_fragment":1,"minecraft:spore_blossom":1,"minecraft:heart_of_the_sea":1,"minecraft:iron_ingot":32,"galosphere:allurite_shard":112,"epicsamurai:aquamarine":9,"minecraft:flowering_azalea":10,"minecraft:soul_sand":8,"minecraft:polished_andesite_stairs":1,"minecraft:book":39,"epicsamurai:onyx":8,"muffins_thaidelight:lime_sapling":83,"galosphere:lumiere_block":33,"minecraft:gravel":39,"minecraft:spruce_sapling":1,"minecraft:orange_candle":4,"minecraft:spider_eye":1,"galosphere:allurite_block":116,"muffins_thaidelight:papaya":6,"minecraft:stone_axe":1,"minecraft:iron_helmet":1,"minecraft:cherry_sapling":33,"minecraft:mossy_cobblestone_stairs":5,"minecraft:dark_oak_wood":10,"minecraft:black_wool":1,"minecraft:coal":207,"minecraft:ender_pearl":4},"minecraft:killed_by":{"minecraft:zombie_villager":1,"minecraft:drowned":3,"minecraft:vindicator":1,"cataclysm:deepling_brute":1,"minecraft:zombie":2,"epicsamurai:kitsune":1},"minecraft:used":{"minecraft:cherry_sapling":5,"muffins_thaidelight:papaya_sapling":8,"minecraft:iron_shovel":1169,"minecraft:chest":3,"minecraft:stone":1,"minecraft:rotten_flesh":3,"minecraft:mutton":2,"minecraft:carrot":53,"minecraft:yellow_candle":1,"minecraft:magenta_candle":1,"travelersbackpack:iron":5,"minecraft:lantern":2,"minecraft:birch_sapling":28,"minecraft:stone_bricks":66,"minecraft:birch_trapdoor":1,"minecraft:furnace":5,"minecraft:oak_sapling":18,"ironchests:copper_chest":4,"minecraft:potato":31,"minecraft:diorite":15,"minecraft:stone_pickaxe":163,"minecraft:oak_planks":69,"minecraft:ender_pearl":1,"minecraft:wooden_pickaxe":18,"minecraft:sand":3,"muffins_thaidelight:lime_sapling":57,"minecraft:blast_furnace":1,"minecraft:birch_fence":43,"waystones:waystone":1,"minecraft:birch_slab":439,"minecraft:gravel":3,"minecraft:wooden_sword":9,"minecraft:birch_log":45,"minecraft:andesite":5,"minecraft:oak_boat":11,"minecraft:coarse_dirt":5,"minecraft:bone_meal":44,"minecraft:experience_bottle":1,"miners_delight:gossypium":3,"minecraft:cherry_boat":1,"muffins_thaidelight:lime":208,"minecraft:acacia_log":2,"minecraft:flint_and_steel":14,"minecraft:stone_shovel":262,"minecraft:redstone":1,"minecraft:stone_hoe":24,"minecraft:cooked_chicken":59,"minecraft:torch":355,"minecraft:dirt":1289,"minecraft:granite":6,"betterfurnacesreforged:copper_upgrade":1,"minecraft:mossy_cobblestone_stairs":1,"minecraft:dark_oak_planks":2,"minecraft:wooden_axe":269,"alexsmobs:maggot":2,"minecraft:iron_axe":300,"alexscaves:spelunkery_table":2,"minecraft:acacia_planks":2,"minecraft:cobbled_deepslate":203,"expanded_combat:iron_katana":419,"minecraft:calcite":4,"minecraft:water_bucket":96,"minecraft:cobblestone_stairs":1,"minecraft:birch_planks":83,"minecraft:birch_boat":2,"minecraft:cauldron":1,"minecraft:green_bed":1,"minecraft:cobblestone_slab":56,"minecraft:gilded_blackstone":1,"farmersdelight:onion":3,"cataclysm:stone_pillar":53,"minecraft:tnt":2,"minecraft:crafting_table":10,"minecraft:oak_log":36,"minecraft:light_blue_candle":2,"minecraft:apple":1,"minecraft:iron_pickaxe":2672,"minecraft:stone_axe":254,"miners_delight:cave_carrot":2,"minecraft:cobblestone":1072,"minecraft:bucket":103,"minecraft:glass_pane":16,"galosphere:lumiere_block":1},"minecraft:dropped":{"muffins_thaidelight:lime_sapling":8,"minecraft:soul_sand":8,"minecraft:birch_planks":323,"minecraft:oak_log":78,"minecraft:ender_pearl":1,"minecraft:diamond":2,"minecraft:crafting_table":1,"minecraft:lantern":1,"minecraft:birch_slab":129,"cataclysm:stone_tile_slab":62,"minecraft:dirt":468,"expanded_combat:iron_katana":2,"minecraft:birch_fence":25,"minecraft:dark_oak_log":1,"minecraft:cornflower":1,"epicsamurai:jade":3,"gravestone:obituary":18,"epicsamurai:iron_samurai_boots":1,"minecraft:iron_pickaxe":5,"minecraft:dark_oak_planks":9,"minecraft:birch_log":56,"minecraft:birch_stairs":46,"minecraft:gravel":34,"minecraft:blackstone":1,"minecraft:cooked_chicken":1,"minecraft:cobbled_deepslate":9,"minecraft:wheat":2,"minecraft:rotten_flesh":46,"minecraft:oak_planks":5,"minecraft:gunpowder":2,"minecraft:birch_trapdoor":12,"minecraft:stone_brick_wall":2,"epicsamurai:iron_samurai_helmet":1,"minecraft:arrow":3,"epicsamurai:iron_samurai_chestplate":1,"minecraft:water_bucket":3,"minecraft:iron_ingot":33,"minecraft:light_blue_candle":2,"minecraft:wheat_seeds":4,"minecraft:iron_helmet":3,"minecraft:barrier":1,"minecraft:cobblestone":82,"minecraft:book":40,"minecraft:granite":4,"cataclysm:stone_pillar":43,"minecraft:grass_block":1,"minecraft:orange_candle":2,"minecraft:stick":8,"illagerinvasion:platinum_chunk":1,"minecraft:torch":22,"minecraft:brown_wool":1,"minecraft:iron_leggings":1,"minecraft:polished_andesite_stairs":1,"minecraft:iron_axe":2,"minecraft:iron_shovel":1,"minecraft:paper":3,"minecraft:string":8,"minecraft:bucket":1,"minecraft:acacia_planks":3,"minecraft:spruce_sapling":1,"minecraft:moss_carpet":2,"minecraft:kelp":20,"minecraft:coarse_dirt":8,"minecraft:cobblestone_wall":1,"minecraft:smooth_stone_slab":1,"minecraft:tuff":14,"minecraft:stone_shovel":3,"muffins_thaidelight:lime":1,"minecraft:stripped_oak_log":2,"minecraft:lily_of_the_valley":1,"minecraft:cobblestone_slab":36,"minecraft:stone":28,"minecraft:shield":1,"minecraft:oak_button":3,"minecraft:black_concrete_powder":1,"fishofthieves:earthworms":187,"minecraft:andesite":1,"minecraft:magenta_candle":2,"minecraft:oak_sapling":43,"epicsamurai:iron_samurai_leggings":1,"minecraft:stone_bricks":55,"minecraft:bow":1,"minecraft:stone_pickaxe":2,"minecraft:wooden_pickaxe":1,"minecraft:red_tulip":1,"minecraft:black_wool":1},"minecraft:custom":{"minecraft:interact_with_crafting_table":108,"minecraft:open_barrel":2,"minecraft:leave_game":10,"minecraft:time_since_death":46791,"minecraft:sprint_one_cm":2013449,"minecraft:drop":198,"minecraft:play_time":667590,"minecraft:deaths":16,"minecraft:jump":12046,"minecraft:walk_on_water_one_cm":67241,"minecraft:interact_with_furnace":144,"minecraft:interact_with_loom":3,"minecraft:sleep_in_bed":4,"minecraft:waystone_activated":1,"minecraft:damage_dealt":28398,"minecraft:player_kills":2,"minecraft:crouch_one_cm":136041,"minecraft:inspect_dispenser":4,"minecraft:mob_kills":151,"minecraft:interact_with_anvil":3,"minecraft:climb_one_cm":18448,"minecraft:walk_one_cm":1593429,"minecraft:sneak_time":48003,"minecraft:walk_under_water_one_cm":63289,"minecraft:boat_one_cm":40367,"minecraft:interact_with_blast_furnace":7,"minecraft:total_world_time":667590,"minecraft:interact_with_stonecutter":11,"minecraft:time_since_rest":19468,"minecraft:damage_taken":9826,"minecraft:swim_one_cm":106261,"minecraft:fly_one_cm":2084592,"minecraft:open_chest":239,"minecraft:fall_one_cm":309071},"minecraft:killed":{"illagerinvasion:archivist":1,"minecraft:cave_spider":1,"minecraft:spider":5,"illagerinvasion:basher":1,"minecraft:skeleton":30,"illagerinvasion:provoker":1,"alexsmobs:centipede_head":1,"minecraft:zombie_villager":1,"minecraft:creeper":4,"endermanoverhaul:savanna_enderman":4,"minecraft:sheep":2,"minecraft:zombie":56,"alexsmobs:fly":11,"minecraft:glow_squid":1,"minecraft:vindicator":3,"minecraft:phantom":11,"creeperoverhaul:savannah_creeper":13,"minecraft:enderman":2}},"DataVersion":3465}