{"stats":{"minecraft:crafted":{"minecraft:oak_planks":144,"minecraft:cobblestone_slab":90,"minecraft:birch_slab":432,"minecraft:furnace":4,"minecraft:stone":98,"minecraft:bone_meal":18,"minecraft:glass_pane":16,"minecraft:glass":0,"betterfurnacesreforged:copper_upgrade":1,"minecraft:iron_axe":1,"cataclysm:stone_pillar":1,"minecraft:stone_pickaxe":1,"minecraft:chest":3,"minecraft:oak_button":3,"minecraft:stone_hoe":1,"minecraft:stone_bricks":1,"minecraft:crafting_table":7,"minecraft:wooden_pickaxe":2,"minecraft:copper_ingot":17,"minecraft:birch_planks":576,"minecraft:bucket":1,"minecraft:oak_wood":3,"minecraft:air":0,"minecraft:birch_fence":51,"minecraft:stick":92,"minecraft:iron_ingot":38,"minecraft:iron_pickaxe":6,"minecraft:birch_trapdoor":6,"minecraft:wooden_axe":5,"minecraft:iron_shovel":3,"minecraft:acacia_planks":20,"minecraft:torch":152,"minecraft:birch_stairs":56},"minecraft:picked_up":{"minecraft:crafting_table":1,"minecraft:coarse_dirt":9,"gravestone:obituary":3,"minecraft:string":10,"minecraft:raw_copper":109,"minecraft:iron_axe":1,"miners_delight:cave_carrot":17,"minecraft:birch_fence":17,"minecraft:cobbled_deepslate":72,"minecraft:spruce_planks":1,"minecraft:cobblestone_slab":2,"minecraft:calcite":4,"minecraft:iron_pickaxe":1,"minecraft:enchanted_golden_apple":1,"minecraft:sugar_cane":18,"minecraft:birch_sapling":60,"minecraft:phantom_membrane":6,"minecraft:stick":77,"minecraft:raw_iron":104,"minecraft:stone":1,"minecraft:birch_trapdoor":6,"minecraft:torch":42,"minecraft:acacia_log":5,"travelersbackpack:iron_tier_upgrade":2,"minecraft:diorite":15,"minecraft:carrot":10,"alexsmobs:centipede_leg":1,"minecraft:cauldron":1,"travelersbackpack:iron":1,"minecraft:rotten_flesh":22,"minecraft:arrow":8,"minecraft:stone_shovel":2,"farmersdelight:onion":2,"alexscaves:spelunkery_table":1,"cataclysm:stone_pillar":46,"minecraft:cobblestone":613,"minecraft:stripped_oak_log":4,"minecraft:birch_log":242,"minecraft:birch_slab":82,"minecraft:andesite":1,"minecraft:birch_planks":223,"fishofthieves:grubs":3,"minecraft:tuff":13,"minecraft:oak_log":274,"minecraft:lapis_lazuli":54,"travelersbackpack:gold_tier_upgrade":2,"minecraft:dirt":1362,"galosphere:lumiere_shard":26,"alexsmobs:cockroach_wing_fragment":1,"minecraft:bone":7,"minecraft:apple":11,"minecraft:stone_bricks":12,"minecraft:bow":2,"minecraft:raw_gold":19,"minecraft:wheat_seeds":3,"minecraft:heart_of_the_sea":1,"minecraft:iron_ingot":9,"fishofthieves:earthworms":132,"galosphere:allurite_shard":112,"galosphere:raw_silver":67,"epicsamurai:raw_silver":9,"minecraft:oak_planks":1,"epicsamurai:onyx":4,"miners_delight:gossypium":16,"muffins_thaidelight:lime_sapling":29,"galosphere:lumiere_block":33,"minecraft:sand":26,"minecraft:spruce_sapling":1,"galosphere:allurite_block":116,"minecraft:stone_axe":1,"muffins_thaidelight:lime":39,"minecraft:iron_helmet":1,"muffins_thaidelight:papaya_sapling":8,"minecraft:cherry_sapling":9,"alexsmobs:maggot":15,"epicsamurai:ruby":9,"minecraft:oak_sapling":97,"minecraft:coal":181,"minecraft:ender_pearl":1},"minecraft:used":{"muffins_thaidelight:lime":31,"minecraft:cherry_sapling":5,"muffins_thaidelight:papaya_sapling":8,"minecraft:iron_shovel":1000,"minecraft:stone_shovel":262,"minecraft:chest":3,"minecraft:stone":1,"minecraft:cooked_chicken":54,"minecraft:stone_hoe":24,"minecraft:torch":165,"minecraft:dirt":1026,"minecraft:carrot":10,"travelersbackpack:iron":1,"betterfurnacesreforged:copper_upgrade":1,"alexsmobs:maggot":2,"minecraft:wooden_axe":269,"minecraft:iron_axe":290,"minecraft:birch_sapling":28,"minecraft:stone_bricks":63,"minecraft:oak_sapling":18,"minecraft:furnace":4,"minecraft:cobbled_deepslate":64,"minecraft:acacia_planks":2,"minecraft:calcite":4,"expanded_combat:iron_katana":161,"minecraft:water_bucket":46,"minecraft:diorite":15,"minecraft:birch_planks":74,"minecraft:stone_pickaxe":58,"minecraft:oak_planks":54,"minecraft:wooden_pickaxe":3,"minecraft:cobblestone_slab":56,"minecraft:sand":3,"farmersdelight:onion":3,"cataclysm:stone_pillar":53,"muffins_thaidelight:lime_sapling":17,"minecraft:crafting_table":8,"minecraft:birch_fence":43,"minecraft:oak_log":36,"minecraft:birch_slab":439,"minecraft:iron_pickaxe":1251,"minecraft:stone_axe":133,"minecraft:cobblestone":294,"minecraft:bucket":50,"minecraft:birch_log":45,"minecraft:glass_pane":16,"galosphere:lumiere_block":1,"minecraft:coarse_dirt":1,"minecraft:bone_meal":18},"minecraft:broken":{"minecraft:iron_shovel":4,"minecraft:iron_axe":1,"minecraft:stone_axe":1,"minecraft:iron_pickaxe":5,"minecraft:wooden_axe":3,"minecraft:stone_shovel":2},"minecraft:killed":{"minecraft:cave_spider":1,"minecraft:spider":3,"minecraft:phantom":11,"minecraft:skeleton":7,"alexsmobs:centipede_head":1,"minecraft:zombie_villager":1,"minecraft:creeper":2,"minecraft:zombie":17,"alexsmobs:fly":10,"creeperoverhaul:savannah_creeper":5,"minecraft:enderman":1},"minecraft:killed_by":{"minecraft:drowned":3},"minecraft:mined":{"miners_delight:wild_cave_carrots":17,"alexscaves:spelunkery_table":1,"galosphere:glinted_allurite_cluster":5,"minecraft:tuff":13,"minecraft:spruce_planks":1,"minecraft:oak_sapling":3,"epicsamurai:deepslate_onyx_ore":4,"minecraft:sculk_vein":2,"farmersdelight:wild_carrots":5,"galosphere:allurite_cluster":17,"gravestone:gravestone":5,"cataclysm:stone_pillar":47,"minecraft:granite":1,"epicsamurai:deepslate_ruby_ore":9,"epicsamurai:silver_ore":9,"minecraft:grass_block":737,"minecraft:spruce_leaves":1,"minecraft:birch_slab":80,"galosphere:lumiere_block":33,"minecraft:carrots":1,"minecraft:cobbled_deepslate":7,"minecraft:fire":7,"minecraft:iron_ore":48,"minecraft:andesite":1,"minecraft:deepslate_lapis_ore":8,"minecraft:deepslate_iron_ore":51,"minecraft:cobblestone_slab":3,"minecraft:stripped_oak_log":2,"minecraft:stone":520,"galosphere:deepslate_silver_ore":66,"minecraft:crafting_table":1,"minecraft:torch":21,"muffins_thaidelight:lime_sapling":2,"minecraft:calcite":4,"minecraft:cobblestone":10,"galosphere:silver_ore":4,"minecraft:tall_grass":3,"minecraft:copper_ore":30,"galosphere:lumiere_cluster":3,"minecraft:deepslate_gold_ore":19,"minecraft:sugar_cane":12,"minecraft:oak_planks":1,"minecraft:diorite":15,"minecraft:wall_torch":10,"minecraft:cauldron":1,"minecraft:deepslate_copper_ore":2,"minecraft:birch_sapling":3,"galosphere:allurite_block":117,"minecraft:birch_planks":38,"minecraft:coarse_dirt":5,"minecraft:birch_log":246,"minecraft:grass":6,"diagonalwindows:minecraft/glass_pane":2,"minecraft:oak_log":268,"minecraft:coal_ore":181,"minecraft:sand":26,"minecraft:dirt":573,"minecraft:cobweb":2,"minecraft:stone_bricks":10,"minecraft:deepslate":58,"minecraft:oak_leaves":7,"minecraft:birch_fence":8,"minecraft:suspicious_gravel":1},"minecraft:dropped":{"minecraft:iron_ingot":10,"minecraft:birch_planks":323,"minecraft:wheat_seeds":2,"minecraft:oak_log":78,"minecraft:cobblestone":3,"cataclysm:stone_pillar":43,"minecraft:birch_slab":128,"minecraft:stick":2,"cataclysm:stone_tile_slab":62,"minecraft:dirt":388,"minecraft:birch_fence":25,"minecraft:torch":22,"gravestone:obituary":7,"minecraft:iron_axe":2,"minecraft:iron_pickaxe":3,"minecraft:birch_log":56,"minecraft:birch_stairs":46,"minecraft:spruce_sapling":1,"minecraft:cooked_chicken":1,"minecraft:coarse_dirt":8,"minecraft:rotten_flesh":28,"minecraft:stripped_oak_log":2,"minecraft:cobblestone_slab":36,"minecraft:stone":28,"minecraft:oak_button":3,"fishofthieves:earthworms":183,"minecraft:birch_trapdoor":12,"minecraft:oak_sapling":43,"minecraft:stone_bricks":55},"minecraft:custom":{"minecraft:mob_kills":59,"minecraft:interact_with_anvil":3,"minecraft:interact_with_crafting_table":58,"minecraft:leave_game":8,"minecraft:time_since_death":304843,"minecraft:climb_one_cm":2576,"minecraft:sprint_one_cm":883559,"minecraft:walk_one_cm":946562,"minecraft:drop":78,"minecraft:play_time":316508,"minecraft:deaths":4,"minecraft:sneak_time":18927,"minecraft:walk_under_water_one_cm":12115,"minecraft:jump":6161,"minecraft:walk_on_water_one_cm":26706,"minecraft:total_world_time":316508,"minecraft:interact_with_furnace":72,"minecraft:interact_with_stonecutter":10,"minecraft:sleep_in_bed":1,"minecraft:time_since_rest":63358,"minecraft:damage_taken":3520,"minecraft:damage_dealt":10923,"minecraft:swim_one_cm":28826,"minecraft:fly_one_cm":1100511,"minecraft:player_kills":2,"minecraft:open_chest":124,"minecraft:crouch_one_cm":64999,"minecraft:fall_one_cm":150251}},"DataVersion":3465}