{"stats":{"minecraft:used":{"muffins_thaidelight:lime":2,"minecraft:cherry_sapling":5,"muffins_thaidelight:papaya_sapling":8,"minecraft:iron_shovel":1000,"minecraft:stone_shovel":262,"minecraft:chest":3,"minecraft:stone":1,"minecraft:cooked_chicken":48,"minecraft:stone_hoe":24,"minecraft:torch":74,"minecraft:dirt":1022,"minecraft:carrot":10,"travelersbackpack:iron":1,"betterfurnacesreforged:copper_upgrade":1,"alexsmobs:maggot":2,"minecraft:wooden_axe":134,"minecraft:iron_axe":290,"minecraft:birch_sapling":28,"minecraft:stone_bricks":63,"minecraft:oak_sapling":18,"minecraft:furnace":4,"minecraft:acacia_planks":2,"expanded_combat:iron_katana":95,"minecraft:water_bucket":36,"minecraft:diorite":14,"minecraft:birch_planks":74,"minecraft:oak_planks":11,"minecraft:cobblestone_slab":56,"farmersdelight:onion":3,"minecraft:sand":3,"cataclysm:stone_pillar":53,"muffins_thaidelight:lime_sapling":17,"minecraft:crafting_table":6,"minecraft:birch_fence":43,"minecraft:oak_log":36,"minecraft:birch_slab":439,"minecraft:iron_pickaxe":751,"minecraft:stone_axe":133,"minecraft:cobblestone":286,"minecraft:birch_log":45,"minecraft:bucket":37,"minecraft:glass_pane":16,"galosphere:lumiere_block":1,"minecraft:coarse_dirt":1,"minecraft:bone_meal":18},"minecraft:custom":{"minecraft:mob_kills":39,"minecraft:interact_with_anvil":3,"minecraft:interact_with_crafting_table":46,"minecraft:leave_game":7,"minecraft:time_since_death":240096,"minecraft:sprint_one_cm":720894,"minecraft:walk_one_cm":823740,"minecraft:drop":73,"minecraft:play_time":251761,"minecraft:deaths":4,"minecraft:sneak_time":14779,"minecraft:walk_under_water_one_cm":9112,"minecraft:jump":5103,"minecraft:walk_on_water_one_cm":16841,"minecraft:total_world_time":251761,"minecraft:interact_with_furnace":69,"minecraft:interact_with_stonecutter":10,"minecraft:time_since_rest":240148,"minecraft:damage_taken":2665,"minecraft:damage_dealt":6282,"minecraft:swim_one_cm":17633,"minecraft:fly_one_cm":968317,"minecraft:player_kills":2,"minecraft:open_chest":120,"minecraft:crouch_one_cm":60110,"minecraft:fall_one_cm":127214},"minecraft:mined":{"minecraft:oak_sapling":3,"farmersdelight:wild_carrots":5,"gravestone:gravestone":5,"cataclysm:stone_pillar":47,"minecraft:granite":1,"epicsamurai:silver_ore":9,"minecraft:grass_block":734,"minecraft:birch_slab":80,"minecraft:carrots":1,"minecraft:iron_ore":33,"minecraft:andesite":1,"minecraft:cobblestone_slab":3,"minecraft:stripped_oak_log":2,"minecraft:stone":508,"muffins_thaidelight:lime_sapling":2,"minecraft:crafting_table":1,"minecraft:torch":15,"minecraft:cobblestone":9,"galosphere:silver_ore":4,"minecraft:tall_grass":3,"minecraft:copper_ore":18,"minecraft:sugar_cane":12,"minecraft:oak_planks":1,"minecraft:diorite":14,"minecraft:wall_torch":8,"minecraft:birch_sapling":3,"minecraft:birch_planks":38,"minecraft:coarse_dirt":5,"minecraft:birch_log":246,"diagonalwindows:minecraft/glass_pane":2,"minecraft:grass":6,"minecraft:oak_log":146,"minecraft:coal_ore":85,"minecraft:sand":26,"minecraft:dirt":572,"minecraft:stone_bricks":10,"minecraft:oak_leaves":6,"minecraft:birch_fence":8,"minecraft:suspicious_gravel":1},"minecraft:dropped":{"minecraft:iron_ingot":10,"minecraft:birch_planks":323,"minecraft:wheat_seeds":2,"minecraft:oak_log":78,"minecraft:cobblestone":3,"cataclysm:stone_pillar":43,"minecraft:birch_slab":128,"minecraft:stick":2,"cataclysm:stone_tile_slab":62,"minecraft:dirt":388,"minecraft:birch_fence":25,"minecraft:torch":22,"gravestone:obituary":7,"minecraft:iron_axe":2,"minecraft:iron_pickaxe":3,"minecraft:birch_log":56,"minecraft:birch_stairs":46,"minecraft:cooked_chicken":1,"minecraft:coarse_dirt":8,"minecraft:rotten_flesh":25,"minecraft:stripped_oak_log":2,"minecraft:cobblestone_slab":36,"minecraft:stone":28,"minecraft:oak_button":3,"fishofthieves:earthworms":183,"minecraft:birch_trapdoor":12,"minecraft:oak_sapling":2,"minecraft:stone_bricks":55},"minecraft:crafted":{"minecraft:oak_planks":76,"minecraft:cobblestone_slab":90,"minecraft:birch_slab":432,"minecraft:furnace":4,"minecraft:stone":98,"minecraft:bone_meal":18,"minecraft:glass_pane":16,"minecraft:glass":0,"betterfurnacesreforged:copper_upgrade":1,"minecraft:iron_axe":1,"cataclysm:stone_pillar":1,"minecraft:chest":3,"minecraft:oak_button":3,"minecraft:stone_hoe":1,"minecraft:stone_bricks":1,"minecraft:crafting_table":5,"minecraft:wooden_pickaxe":1,"minecraft:copper_ingot":17,"minecraft:birch_planks":576,"minecraft:bucket":1,"minecraft:oak_wood":3,"minecraft:air":0,"minecraft:birch_fence":51,"minecraft:stick":80,"minecraft:iron_ingot":38,"minecraft:iron_pickaxe":4,"minecraft:birch_trapdoor":6,"minecraft:wooden_axe":3,"minecraft:iron_shovel":3,"minecraft:acacia_planks":20,"minecraft:birch_stairs":56,"minecraft:torch":96},"minecraft:killed":{"minecraft:spider":2,"minecraft:phantom":7,"minecraft:skeleton":4,"minecraft:zombie_villager":1,"minecraft:zombie":10,"alexsmobs:fly":10,"creeperoverhaul:savannah_creeper":5},"minecraft:picked_up":{"minecraft:crafting_table":1,"minecraft:coarse_dirt":9,"gravestone:obituary":3,"minecraft:raw_copper":61,"minecraft:string":1,"minecraft:iron_axe":1,"minecraft:birch_fence":17,"minecraft:cobblestone_slab":2,"minecraft:iron_pickaxe":1,"minecraft:enchanted_golden_apple":1,"minecraft:sugar_cane":18,"minecraft:birch_sapling":60,"minecraft:phantom_membrane":4,"minecraft:stick":44,"minecraft:raw_iron":38,"minecraft:stone":1,"minecraft:birch_trapdoor":6,"minecraft:torch":31,"minecraft:acacia_log":5,"travelersbackpack:iron_tier_upgrade":2,"minecraft:diorite":14,"minecraft:carrot":10,"travelersbackpack:iron":1,"minecraft:rotten_flesh":18,"minecraft:arrow":5,"minecraft:stone_shovel":2,"farmersdelight:onion":2,"cataclysm:stone_pillar":46,"minecraft:cobblestone":600,"minecraft:stripped_oak_log":4,"minecraft:birch_log":242,"minecraft:birch_slab":82,"minecraft:andesite":1,"minecraft:birch_planks":223,"fishofthieves:grubs":3,"minecraft:oak_log":156,"travelersbackpack:gold_tier_upgrade":2,"minecraft:dirt":1358,"minecraft:bone":5,"minecraft:apple":3,"minecraft:stone_bricks":12,"minecraft:wheat_seeds":3,"minecraft:heart_of_the_sea":1,"minecraft:iron_ingot":9,"fishofthieves:earthworms":132,"galosphere:raw_silver":4,"epicsamurai:raw_silver":9,"minecraft:oak_planks":1,"muffins_thaidelight:lime_sapling":22,"minecraft:sand":26,"minecraft:stone_axe":1,"muffins_thaidelight:lime":14,"muffins_thaidelight:papaya_sapling":8,"minecraft:cherry_sapling":9,"alexsmobs:maggot":15,"minecraft:oak_sapling":56,"minecraft:coal":85},"minecraft:broken":{"minecraft:iron_shovel":4,"minecraft:iron_axe":1,"minecraft:stone_axe":1,"minecraft:iron_pickaxe":3,"minecraft:wooden_axe":1,"minecraft:stone_shovel":2},"minecraft:killed_by":{"minecraft:drowned":3}},"DataVersion":3465}