{"stats":{"minecraft:used":{"fishofthieves:cooked_wildsplash":1,"minecraft:moss_block":3,"farmersdelight:cabbage_rolls":6,"crabbersdelight:cooked_tropical_fish":5,"farmersdelight:cabbage_seeds":63,"minecraft:ladder":14,"minecraft:oak_sign":4,"minecraft:black_carpet":2,"minecraft:shield":5,"minecraft:chest":16,"fishofthieves:pondie":5,"muffins_thaidelight:pepper_seeds":3,"minecraft:rotten_flesh":13,"minecraft:birch_pressure_plate":13,"travelersbackpack:pig":10,"minecraft:carrot":7,"fishofthieves:wildsplash_bucket":1,"expanded_combat:iron_dancer_s_sword":395,"minecraft:music_disc_11":1,"minecraft:axolotl_bucket":4,"minecraft:glass":151,"alexsmobs:lobster_tail":2,"minecraft:lantern":3,"minecraft:birch_sapling":14,"minecraft:golden_sword":20,"fishofthieves:cooked_pondie":15,"minecraft:music_disc_stal":1,"minecraft:bow":26,"minecraft:furnace":13,"minecraft:gray_bed":1,"minecraft:potato":21,"minecraft:dark_oak_stairs":1,"minecraft:diorite":11,"minecraft:oak_planks":340,"minecraft:stone_pickaxe":1723,"minecraft:gray_carpet":5,"expanded_combat:oak_plank_great_hammer":64,"minecraft:leather_chestplate":1,"minecraft:wooden_pickaxe":40,"minecraft:glow_berries":141,"minecraft:golden_apple":2,"minecraft:blast_furnace":1,"minecraft:birch_fence":200,"waystones:waystone":1,"epicsamurai:blue_samurai_helmet":1,"minecraft:cyan_carpet":2,"minecraft:birch_slab":12,"minecraft:bread":88,"minecraft:dark_oak_log":2,"minecraft:birch_fence_gate":5,"minecraft:oak_pressure_plate":5,"minecraft:wooden_sword":35,"minecraft:dark_oak_fence":6,"minecraft:andesite":9,"minecraft:tropical_fish_bucket":1,"minecraft:bone_meal":165,"minecraft:golden_pickaxe":32,"minecraft:oak_fence":32,"minecraft:stone_sword":663,"minecraft:flint_and_steel":3,"alexsmobs:flying_fish_bucket":1,"minecraft:stone_shovel":1268,"minecraft:light_gray_carpet":15,"minecraft:stone_hoe":241,"furnish:rare_chinese_plate":1,"minecraft:cooked_chicken":2,"minecraft:oak_door":6,"minecraft:dirt":228,"minecraft:torch":360,"fishofthieves:earthworms":8,"minecraft:anvil":1,"minecraft:white_carpet":2,"minecraft:yellow_carpet":1,"minecraft:golden_shovel":33,"minecraft:orange_candle":2,"expanded_combat:iron_claymore":269,"minecraft:dark_oak_planks":594,"minecraft:stone_brick_slab":9,"minecraft:wooden_axe":3,"alexsmobs:maggot":2,"minecraft:bookshelf":47,"minecraft:iron_axe":655,"minecraft:oak_stairs":3,"epicsamurai:blue_samurai_chestplate":1,"minecraft:melon_seeds":23,"minecraft:cooked_beef":6,"minecraft:cobbled_deepslate":21,"minecraft:golden_axe":36,"minecraft:wheat_seeds":737,"minecraft:cooked_mutton":9,"minecraft:water_bucket":73,"minecraft:birch_planks":81,"minecraft:baked_potato":1,"expanded_combat:stone_flail":48,"minecraft:crafting_table":38,"minecraft:dark_oak_fence_gate":8,"minecraft:white_bed":6,"minecraft:campfire":1,"epicsamurai:blue_samurai_leggings_master":1,"minecraft:light_blue_candle":1,"minecraft:dark_oak_door":3,"minecraft:oak_log":40,"minecraft:flower_pot":2,"minecraft:wooden_hoe":15,"minecraft:apple":25,"minecraft:chicken":3,"minecraft:iron_pickaxe":802,"minecraft:stone_axe":1932,"minecraft:blue_carpet":5,"minecraft:green_carpet":3,"miners_delight:cave_carrot":46,"minecraft:cobblestone":631,"illagerinvasion:platinum_infused_hatchet":7,"travelersbackpack:standard":3,"minecraft:white_banner":7,"minecraft:cooked_porkchop":28,"minecraft:jungle_door":3,"minecraft:bucket":81,"minecraft:glass_pane":64,"minecraft:stripped_oak_log":1,"minecraft:jukebox":1,"minecraft:candle":5,"minecraft:birch_stairs":2},"minecraft:crafted":{"minecraft:brick":200,"minecraft:black_dye":8,"minecraft:smooth_stone":64,"minecraft:oak_planks":448,"epicsamurai:silver_ingot":36,"minecraft:oak_sign":3,"minecraft:oak_pressure_plate":5,"minecraft:cooked_chicken":2,"minecraft:birch_slab":24,"minecraft:stone":64,"minecraft:cobblestone_stairs":4,"expanded_combat:stone_flail":1,"minecraft:bookshelf":47,"minecraft:cooked_mutton":9,"epicsamurai:red_samurai_chestplate":1,"epicsamurai:red_samurai_boots":1,"epicsamurai:blue_samurai_leggings_master":1,"minecraft:glass":169,"epicsamurai:iron_samurai_helmet":1,"epicsamurai:red_samurai_leggings":1,"minecraft:bow":2,"minecraft:iron_boots":1,"minecraft:birch_fence_gate":2,"minecraft:chest":15,"galosphere:silver_ingot":104,"epicsamurai:blue_samurai_chestplate":1,"minecraft:stone_hoe":3,"minecraft:magenta_dye":1,"epicsamurai:blue_samurai_helmet":1,"minecraft:cooked_porkchop":30,"minecraft:crafting_table":19,"travelersbackpack:standard":1,"minecraft:wooden_pickaxe":1,"minecraft:iron_helmet":2,"minecraft:birch_pressure_plate":9,"fishofthieves:cooked_pondie":12,"minecraft:copper_ingot":11,"minecraft:birch_planks":608,"minecraft:campfire":1,"minecraft:iron_chestplate":1,"minecraft:wooden_hoe":1,"minecraft:charcoal":256,"minecraft:shield":1,"minecraft:birch_fence":105,"minecraft:stick":168,"minecraft:iron_ingot":300,"minecraft:iron_pickaxe":3,"epicsamurai:blue_samurai_boots":1,"minecraft:stone_sword":8,"minecraft:gold_ingot":45,"minecraft:dark_oak_fence_gate":5,"minecraft:wooden_sword":3,"minecraft:oak_door":6,"minecraft:stone_shovel":12,"minecraft:jukebox":1,"epicsamurai:iron_samurai_chestplate":1,"minecraft:furnace":8,"minecraft:blast_furnace":1,"expanded_combat:iron_claymore":1,"minecraft:bone_meal":165,"epicsamurai:iron_samurai_leggings":1,"minecraft:glass_pane":64,"travelersbackpack:white_sleeping_bag":1,"expanded_combat:iron_dancer_s_sword":1,"minecraft:iron_axe":3,"minecraft:ladder":12,"minecraft:stone_pickaxe":13,"minecraft:dark_oak_planks":208,"fishofthieves:cooked_wildsplash":1,"minecraft:cooked_beef":12,"minecraft:magenta_bed":1,"expanded_combat:oak_plank_great_hammer":1,"travelersbackpack:backpack_tank":2,"minecraft:iron_sword":3,"minecraft:bucket":2,"minecraft:stone_axe":14,"minecraft:jungle_planks":32,"minecraft:bread":172,"minecraft:air":0,"crabbersdelight:cooked_tropical_fish":5,"minecraft:jungle_door":3,"minecraft:white_wool":2,"expanded_combat:gold_stick":4,"minecraft:oak_stairs":4,"minecraft:wooden_axe":1,"minecraft:iron_leggings":1,"minecraft:white_bed":1,"epicsamurai:steel_ingot":57,"minecraft:torch":272,"epicsamurai:red_samurai_helmet":1,"epicsamurai:iron_samurai_boots":1},"minecraft:dropped":{"minecraft:moss_block":14,"minecraft:birch_planks":181,"minecraft:lapis_lazuli":64,"minecraft:oak_log":64,"epicsamurai:onyx":10,"minecraft:dark_oak_sapling":92,"minecraft:glow_berries":9,"minecraft:black_bed":1,"minecraft:leather":2,"minecraft:dark_oak_button":1,"minecraft:jungle_planks":52,"travelersbackpack:standard":1,"minecraft:leather_helmet":3,"minecraft:birch_slab":30,"minecraft:red_mushroom":2,"minecraft:dirt":709,"minecraft:birch_fence":9,"minecraft:dark_oak_log":64,"epicsamurai:red_samurai_chestplate":1,"epicsamurai:red_samurai_leggings":1,"minecraft:seagrass":2,"gravestone:obituary":30,"minecraft:wooden_sword":1,"epicsamurai:iron_samurai_boots":1,"minecraft:bone_meal":1,"epicsamurai:red_samurai_helmet":1,"minecraft:iron_pickaxe":1,"minecraft:dark_oak_planks":7,"minecraft:bone":6,"minecraft:gravel":24,"minecraft:cobbled_deepslate":52,"alexsmobs:animal_dictionary":1,"minecraft:black_carpet":1,"minecraft:wheat":2,"minecraft:rotten_flesh":18,"minecraft:oak_planks":8,"travelersbackpack:pig":1,"minecraft:golden_shovel":3,"epicsamurai:blue_samurai_boots":1,"minecraft:birch_fence_gate":2,"minecraft:gunpowder":5,"minecraft:azalea":5,"minecraft:chainmail_boots":1,"epicsamurai:iron_samurai_helmet":1,"minecraft:arrow":1,"minecraft:glass":15,"epicsamurai:iron_samurai_chestplate":1,"fishofthieves:cooked_pondie":2,"minecraft:netherrack":9,"expanded_combat:stone_flail":1,"minecraft:stone_hoe":1,"minecraft:iron_ingot":27,"minecraft:bread":62,"minecraft:oak_slab":1,"minecraft:light_blue_candle":1,"minecraft:wheat_seeds":1378,"epicsamurai:raw_silver":24,"minecraft:cobblestone":421,"minecraft:iron_helmet":2,"minecraft:feather":7,"minecraft:apple":4,"minecraft:granite":24,"minecraft:coal":62,"minecraft:stick":2,"farmersdelight:cabbage_rolls":8,"galosphere:raw_silver":5,"minecraft:diorite":57,"epicsamurai:blue_samurai_leggings_master":1,"minecraft:iron_leggings":2,"minecraft:flowering_azalea":1,"minecraft:iron_axe":3,"minecraft:string":1,"minecraft:bucket":1,"minecraft:pink_tulip":1,"epicsamurai:blue_samurai_chestplate":1,"minecraft:moss_carpet":8,"minecraft:stone_sword":1,"minecraft:raw_copper":4,"minecraft:tuff":18,"epicsamurai:red_samurai_boots":1,"minecraft:raw_iron":22,"minecraft:stone_shovel":2,"minecraft:clay_ball":96,"minecraft:iron_boots":1,"minecraft:stripped_oak_log":2,"fishofthieves:fish_bone":1,"minecraft:flint_and_steel":1,"minecraft:filled_map":3,"fishofthieves:earthworms":113,"minecraft:iron_chestplate":1,"minecraft:andesite":68,"minecraft:oak_sapling":55,"epicsamurai:iron_samurai_leggings":1,"minecraft:golden_sword":1,"minecraft:brown_bed":1,"minecraft:blue_orchid":1,"minecraft:stone_pickaxe":1,"minecraft:wooden_pickaxe":1,"epicsamurai:blue_samurai_helmet":1},"minecraft:picked_up":{"minecraft:wooden_axe":1,"minecraft:black_carpet":1,"minecraft:iron_chestplate":1,"minecraft:wheat":536,"minecraft:prismarine_shard":2,"minecraft:chainmail_boots":1,"minecraft:anvil":1,"minecraft:flower_pot":1,"minecraft:oak_stairs":5,"minecraft:brown_bed":1,"minecraft:golden_shovel":3,"minecraft:golden_sword":1,"epicsamurai:blue_samurai_leggings_master":1,"minecraft:string":23,"minecraft:raw_copper":54,"minecraft:iron_leggings":2,"illagerinvasion:platinum_infused_hatchet":1,"minecraft:cobbled_deepslate":118,"farmersdelight:cabbage":33,"minecraft:spruce_planks":6,"minecraft:azalea":6,"minecraft:iron_pickaxe":2,"minecraft:melon_slice":73,"fishofthieves:cooked_pondie":4,"farmersdelight:cabbage_seeds":94,"minecraft:iron_boots":1,"minecraft:furnace":6,"minecraft:dark_oak_door":3,"minecraft:stick":187,"minecraft:jungle_door":1,"minecraft:torch":90,"minecraft:porkchop":29,"minecraft:golden_axe":1,"minecraft:pointed_dripstone":13,"minecraft:diorite":70,"minecraft:stone_sword":2,"minecraft:rotten_flesh":30,"minecraft:tropical_fish":9,"minecraft:iron_block":1,"farmersdelight:rope":36,"minecraft:obsidian":2,"alexsmobs:lobster_tail":2,"minecraft:cobblestone":1297,"minecraft:birch_log":176,"minecraft:leather_chestplate":2,"minecraft:feather":12,"farmersdelight:rice":6,"minecraft:birch_slab":26,"minecraft:andesite":88,"minecraft:black_bed":2,"minecraft:brown_wool":1,"minecraft:potato":17,"minecraft:flint":4,"minecraft:tuff":18,"minecraft:lapis_lazuli":121,"minecraft:dirt":1243,"fishofthieves:wildsplash":1,"minecraft:lantern":3,"minecraft:leather_boots":1,"minecraft:glass":43,"minecraft:bone":29,"minecraft:bow":2,"minecraft:wheat_seeds":1822,"minecraft:raw_gold":17,"fishofthieves:earthworms":139,"galosphere:raw_silver":94,"minecraft:moss_block":39,"minecraft:oak_planks":51,"epicsamurai:raw_silver":51,"minecraft:stone_hoe":1,"minecraft:black_terracotta":3,"minecraft:cooked_porkchop":2,"fishofthieves:pondie":31,"minecraft:birch_fence_gate":5,"minecraft:sand":18,"minecraft:jungle_planks":26,"minecraft:ink_sac":8,"minecraft:dark_oak_log":1185,"epicsamurai:blue_samurai_helmet":1,"galosphere:silver_nugget":1,"epicsamurai:straw_hat":1,"minecraft:yellow_carpet":1,"minecraft:black_concrete":3,"waystones:waystone":1,"minecraft:granite":39,"epicsamurai:jorogumo_eye":1,"minecraft:bone_meal":2,"minecraft:golden_apple":2,"minecraft:emerald":5,"minecraft:bread":18,"alexsmobs:maggot":2,"epicsamurai:ruby":7,"minecraft:oak_sapling":145,"minecraft:light_gray_carpet":4,"minecraft:netherrack":18,"minecraft:dark_oak_fence":16,"minecraft:light_blue_candle":2,"expanded_combat:stone_flail":1,"minecraft:crafting_table":17,"minecraft:chicken":6,"minecraft:ladder":10,"minecraft:clay_ball":755,"minecraft:golden_pickaxe":1,"minecraft:wooden_pickaxe":3,"minecraft:chain":12,"gravestone:obituary":8,"illagerinvasion:unusual_dust":2,"minecraft:moss_carpet":20,"minecraft:iron_axe":3,"minecraft:wooden_sword":1,"miners_delight:cave_carrot":46,"epicsamurai:jade":5,"minecraft:birch_fence":104,"travelersbackpack:pig":1,"minecraft:candle":4,"minecraft:beef":13,"minecraft:player_head":2,"minecraft:iron_nugget":20,"minecraft:chest":3,"minecraft:birch_sapling":36,"minecraft:dark_oak_sapling":131,"minecraft:raw_iron":269,"minecraft:oak_door":6,"minecraft:music_disc_11":2,"minecraft:brown_concrete_powder":2,"minecraft:carrot":5,"minecraft:redstone":208,"minecraft:iron_horse_armor":1,"minecraft:blue_carpet":5,"minecraft:dark_oak_planks":703,"minecraft:arrow":20,"epicsamurai:blue_samurai_chestplate":1,"muffins_thaidelight:pepper":7,"minecraft:glow_berries":85,"minecraft:mutton":5,"minecraft:white_wool":3,"minecraft:stripped_oak_log":3,"minecraft:dark_oak_button":1,"epicsamurai:spirit_upgrade_smithing_template":1,"minecraft:glow_ink_sac":1,"minecraft:leather":10,"minecraft:music_disc_stal":1,"minecraft:red_mushroom":13,"minecraft:birch_planks":207,"minecraft:filled_map":3,"minecraft:oak_log":370,"minecraft:cobblestone_wall":9,"minecraft:gunpowder":10,"minecraft:cobblestone_stairs":15,"minecraft:paper":26,"minecraft:white_banner":6,"minecraft:birch_pressure_plate":4,"minecraft:apple":33,"minecraft:gray_carpet":1,"minecraft:iron_ingot":42,"minecraft:stone_pickaxe":4,"epicsamurai:aquamarine":24,"minecraft:gray_bed":1,"minecraft:flowering_azalea":1,"minecraft:dark_oak_stairs":1,"minecraft:book":141,"epicsamurai:onyx":14,"minecraft:oak_slab":1,"minecraft:stone_brick_slab":12,"minecraft:gravel":32,"minecraft:birch_stairs":2,"minecraft:white_bed":5,"minecraft:orange_candle":2,"epicsamurai:blue_samurai_boots":1,"minecraft:dark_oak_fence_gate":3,"minecraft:green_carpet":3,"minecraft:leather_helmet":3,"fishofthieves:fish_bone":1,"travelersbackpack:standard":1,"minecraft:iron_helmet":2,"furnish:rare_chinese_plate":1,"minecraft:baked_potato":1,"minecraft:melon_seeds":51,"minecraft:dark_oak_wood":6,"minecraft:coal":304,"minecraft:seagrass":2},"minecraft:mined":{"minecraft:blue_carpet":1,"minecraft:spruce_planks":6,"minecraft:white_bed":4,"minecraft:farmland":11,"minecraft:black_terracotta":1,"minecraft:cobblestone_stairs":14,"minecraft:cave_vines_plant":57,"minecraft:granite":41,"minecraft:grass_block":700,"epicsamurai:silver_ore":26,"minecraft:orange_candle":1,"minecraft:spawner":1,"epicsamurai:deepslate_jade_ore":2,"farmersdelight:wild_rice":4,"minecraft:iron_ore":206,"minecraft:cobbled_deepslate":3,"minecraft:moss_carpet":6,"minecraft:black_carpet":1,"minecraft:anvil":1,"minecraft:deepslate_lapis_ore":2,"minecraft:brown_bed":1,"minecraft:pointed_dripstone":10,"minecraft:cave_vines":100,"minecraft:oak_stairs":4,"epicsamurai:deepslate_silver_ore":4,"illagerinvasion:magic_fire":8,"minecraft:azalea":1,"minecraft:white_banner":3,"minecraft:deepslate_redstone_ore":33,"minecraft:jungle_door":1,"minecraft:melon_stem":23,"minecraft:clay":201,"minecraft:torch":34,"miners_delight:cave_carrots":14,"minecraft:melon":14,"minecraft:chest":3,"galosphere:silver_ore":49,"minecraft:mushroom_stem":4,"farmersdelight:cabbages":36,"minecraft:glass":8,"minecraft:cobblestone":85,"minecraft:oak_planks":43,"minecraft:wall_torch":41,"minecraft:birch_sapling":4,"minecraft:chain":12,"minecraft:red_candle":1,"minecraft:dark_oak_door":3,"minecraft:birch_log":182,"epicsamurai:aquamarine_ore":14,"minecraft:wheat":614,"minecraft:black_bed":2,"minecraft:grass":59,"diagonalwindows:minecraft/glass_pane":39,"minecraft:oak_log":410,"minecraft:sand":24,"minecraft:dirt":336,"minecraft:deepslate":174,"minecraft:red_mushroom_block":47,"minecraft:netherrack":9,"minecraft:oak_leaves":22,"minecraft:tuff":1,"minecraft:dark_oak_leaves":14,"minecraft:candle":2,"minecraft:oak_door":6,"minecraft:dark_oak_log":1295,"gravestone:gravestone":21,"minecraft:birch_fence_gate":5,"minecraft:dark_oak_fence":17,"minecraft:ladder":5,"epicsamurai:deepslate_ruby_ore":7,"minecraft:birch_slab":9,"minecraft:moss_block":36,"epicsamurai:onyx_ore":9,"minecraft:redstone_ore":15,"minecraft:potted_dark_oak_sapling":1,"minecraft:carrots":1,"minecraft:furnace":6,"minecraft:andesite":108,"minecraft:dark_oak_fence_gate":3,"minecraft:bookshelf":47,"minecraft:potatoes":4,"minecraft:deepslate_iron_ore":15,"minecraft:vine":6,"minecraft:lantern":3,"minecraft:stripped_oak_log":1,"minecraft:stone":1086,"minecraft:birch_pressure_plate":3,"minecraft:birch_stairs":2,"minecraft:oak_slab":1,"minecraft:light_gray_carpet":1,"epicsamurai:jade_ore":3,"minecraft:glass_pane":2,"minecraft:stone_brick_slab":12,"galosphere:deepslate_silver_ore":42,"epicsamurai:deepslate_aquamarine_ore":10,"minecraft:oak_fence":1,"minecraft:crafting_table":16,"furnish:rare_chinese_plate":1,"minecraft:copper_ore":15,"minecraft:tall_grass":13,"minecraft:lapis_ore":7,"minecraft:deepslate_gold_ore":15,"minecraft:diorite":71,"minecraft:birch_planks":5,"muffins_thaidelight:pepper":3,"minecraft:cobblestone_wall":5,"minecraft:gray_bed":1,"minecraft:birch_leaves":3,"minecraft:white_wall_banner":2,"minecraft:coal_ore":262,"minecraft:light_blue_candle":1,"minecraft:gravel":24,"minecraft:gray_carpet":1,"minecraft:cobweb":16,"minecraft:small_dripleaf":1,"minecraft:gold_ore":1,"minecraft:birch_fence":32,"minecraft:dark_oak_planks":245},"minecraft:custom":{"minecraft:animals_bred":2,"minecraft:interact_with_crafting_table":196,"minecraft:open_barrel":3,"minecraft:leave_game":6,"minecraft:time_since_death":48769,"minecraft:sprint_one_cm":1733152,"minecraft:damage_blocked_by_shield":405,"minecraft:drop":309,"minecraft:talked_to_villager":2,"minecraft:play_time":1087977,"minecraft:deaths":23,"minecraft:jump":7819,"minecraft:interact_with_brewingstand":2,"minecraft:walk_on_water_one_cm":235435,"minecraft:enchant_item":3,"minecraft:interact_with_furnace":308,"minecraft:play_record":2,"minecraft:interact_with_loom":2,"minecraft:sleep_in_bed":31,"minecraft:waystone_activated":1,"minecraft:damage_dealt":57269,"minecraft:crouch_one_cm":29030,"minecraft:inspect_dispenser":5,"minecraft:interact_with_smithing_table":3,"minecraft:interact_with_anvil":2,"minecraft:mob_kills":355,"minecraft:climb_one_cm":37741,"minecraft:walk_one_cm":2453251,"minecraft:sneak_time":9303,"minecraft:walk_under_water_one_cm":216065,"minecraft:interact_with_blast_furnace":25,"minecraft:total_world_time":1087977,"minecraft:pot_flower":2,"minecraft:time_since_rest":48803,"minecraft:damage_taken":15629,"minecraft:damage_absorbed":79,"minecraft:swim_one_cm":387974,"minecraft:fly_one_cm":1224895,"minecraft:open_chest":583,"minecraft:fall_one_cm":136887},"minecraft:broken":{"minecraft:stone_pickaxe":12,"expanded_combat:iron_claymore":1,"minecraft:stone_axe":15,"minecraft:stone_shovel":9,"minecraft:stone_sword":5,"minecraft:stone_hoe":1,"minecraft:golden_axe":1,"minecraft:iron_axe":2,"minecraft:iron_pickaxe":3,"minecraft:iron_helmet":1,"minecraft:golden_pickaxe":1},"minecraft:killed":{"illagerinvasion:archivist":1,"alexsmobs:lobster":3,"creeperoverhaul:beach_creeper":1,"epicsamurai:kawauso":1,"minecraft:spider":3,"illagerinvasion:basher":1,"creeperoverhaul:dripstone_creeper":1,"minecraft:skeleton":26,"fishofthieves:wildsplash":3,"minecraft:chicken":6,"creeperoverhaul:cave_creeper":1,"alexsmobs:centipede_head":1,"minecraft:tropical_fish":6,"epicsamurai:enenra":2,"minecraft:pig":14,"minecraft:zombie_villager":179,"minecraft:sheep":4,"minecraft:pillager":1,"alexsmobs:flutter":1,"tinyskeletons:baby_skeleton":2,"minecraft:zombie":34,"alexsmobs:terrapin":1,"illagerinvasion:sorcerer":2,"alexsmobs:fly":3,"minecraft:cow":9,"alexsmobs:raccoon":1,"minecraft:vindicator":1,"fishofthieves:pondie":35,"alexsmobs:seagull":3,"minecraft:squid":2,"endermanoverhaul:cave_enderman":1},"minecraft:killed_by":{"epicsamurai:jorogumo":3,"minecraft:creeper":3,"epicsamurai:onibi":1,"minecraft:vindicator":1,"minecraft:zombie":2,"creeperoverhaul:dripstone_creeper":1,"minecraft:skeleton":9,"illagerinvasion:marauder":1}},"DataVersion":3465}