{"stats":{"minecraft:broken":{"minecraft:stone_pickaxe":6,"minecraft:stone_axe":14,"minecraft:stone_shovel":8,"minecraft:stone_hoe":1,"minecraft:golden_axe":1,"minecraft:iron_axe":1,"minecraft:iron_pickaxe":1,"minecraft:iron_helmet":1,"minecraft:golden_pickaxe":1},"minecraft:killed":{"illagerinvasion:archivist":1,"alexsmobs:lobster":3,"minecraft:spider":2,"illagerinvasion:basher":1,"creeperoverhaul:dripstone_creeper":1,"minecraft:skeleton":20,"fishofthieves:wildsplash":3,"minecraft:chicken":5,"minecraft:tropical_fish":6,"epicsamurai:enenra":2,"minecraft:pig":14,"minecraft:sheep":4,"minecraft:pillager":1,"alexsmobs:flutter":1,"tinyskeletons:baby_skeleton":2,"minecraft:zombie":26,"alexsmobs:terrapin":1,"illagerinvasion:sorcerer":2,"alexsmobs:fly":3,"minecraft:cow":2,"alexsmobs:raccoon":1,"minecraft:vindicator":1,"fishofthieves:pondie":35,"alexsmobs:seagull":3,"minecraft:squid":2,"endermanoverhaul:cave_enderman":1},"minecraft:picked_up":{"minecraft:wooden_axe":1,"minecraft:iron_chestplate":1,"minecraft:wheat":257,"minecraft:black_carpet":1,"minecraft:flower_pot":1,"minecraft:oak_stairs":5,"minecraft:golden_shovel":3,"minecraft:golden_sword":1,"epicsamurai:blue_samurai_leggings_master":1,"minecraft:string":13,"minecraft:raw_copper":11,"minecraft:iron_leggings":1,"illagerinvasion:platinum_infused_hatchet":1,"minecraft:cobbled_deepslate":2,"minecraft:spruce_planks":6,"minecraft:azalea":6,"minecraft:iron_pickaxe":1,"fishofthieves:cooked_pondie":4,"minecraft:furnace":6,"minecraft:dark_oak_door":3,"minecraft:stick":186,"minecraft:jungle_door":1,"minecraft:torch":59,"minecraft:porkchop":29,"minecraft:golden_axe":1,"minecraft:pointed_dripstone":13,"minecraft:diorite":18,"minecraft:stone_sword":2,"minecraft:rotten_flesh":22,"minecraft:tropical_fish":6,"minecraft:iron_block":1,"minecraft:obsidian":2,"alexsmobs:lobster_tail":2,"minecraft:cobblestone":583,"minecraft:birch_log":176,"minecraft:leather_chestplate":2,"minecraft:feather":12,"minecraft:birch_slab":26,"minecraft:andesite":23,"minecraft:brown_wool":1,"minecraft:flint":1,"fishofthieves:wildsplash":1,"minecraft:lapis_lazuli":60,"minecraft:dirt":1185,"minecraft:lantern":1,"minecraft:leather_boots":1,"minecraft:glass":43,"minecraft:bone":19,"minecraft:bow":2,"minecraft:wheat_seeds":754,"minecraft:raw_gold":3,"fishofthieves:earthworms":111,"galosphere:raw_silver":41,"minecraft:moss_block":26,"epicsamurai:raw_silver":51,"minecraft:stone_hoe":1,"minecraft:oak_planks":44,"minecraft:black_terracotta":3,"minecraft:cooked_porkchop":2,"fishofthieves:pondie":31,"minecraft:birch_fence_gate":5,"minecraft:sand":18,"minecraft:jungle_planks":26,"minecraft:ink_sac":8,"minecraft:dark_oak_log":1185,"epicsamurai:blue_samurai_helmet":1,"galosphere:silver_nugget":1,"minecraft:yellow_carpet":1,"minecraft:black_concrete":3,"epicsamurai:jorogumo_eye":1,"minecraft:granite":16,"minecraft:bone_meal":2,"minecraft:golden_apple":2,"minecraft:emerald":5,"alexsmobs:maggot":2,"minecraft:oak_sapling":145,"minecraft:light_gray_carpet":4,"minecraft:netherrack":18,"minecraft:light_blue_candle":2,"expanded_combat:stone_flail":1,"minecraft:crafting_table":12,"minecraft:chicken":5,"minecraft:ladder":8,"minecraft:clay_ball":91,"minecraft:golden_pickaxe":1,"minecraft:wooden_pickaxe":2,"minecraft:chain":12,"gravestone:obituary":5,"minecraft:moss_carpet":19,"illagerinvasion:unusual_dust":2,"minecraft:iron_axe":3,"minecraft:wooden_sword":1,"epicsamurai:jade":5,"minecraft:birch_fence":104,"travelersbackpack:pig":1,"minecraft:candle":4,"minecraft:beef":3,"minecraft:player_head":2,"minecraft:iron_nugget":20,"minecraft:chest":3,"minecraft:birch_sapling":36,"minecraft:dark_oak_sapling":131,"minecraft:raw_iron":225,"minecraft:oak_door":3,"minecraft:brown_concrete_powder":2,"minecraft:redstone":75,"minecraft:blue_carpet":4,"minecraft:dark_oak_planks":684,"epicsamurai:blue_samurai_chestplate":1,"minecraft:arrow":18,"minecraft:glow_berries":76,"minecraft:mutton":5,"minecraft:white_wool":3,"epicsamurai:spirit_upgrade_smithing_template":1,"minecraft:glow_ink_sac":1,"minecraft:leather":4,"minecraft:red_mushroom":13,"minecraft:birch_planks":207,"minecraft:oak_log":370,"minecraft:cobblestone_wall":9,"minecraft:gunpowder":4,"minecraft:cobblestone_stairs":15,"minecraft:paper":2,"minecraft:white_banner":2,"minecraft:birch_pressure_plate":4,"minecraft:apple":33,"minecraft:gray_carpet":1,"minecraft:iron_ingot":42,"minecraft:stone_pickaxe":2,"epicsamurai:aquamarine":9,"minecraft:flowering_azalea":1,"minecraft:dark_oak_stairs":1,"minecraft:book":141,"epicsamurai:onyx":14,"minecraft:oak_slab":1,"minecraft:stone_brick_slab":12,"minecraft:gravel":8,"minecraft:birch_stairs":2,"minecraft:white_bed":5,"minecraft:orange_candle":2,"epicsamurai:blue_samurai_boots":1,"minecraft:dark_oak_fence_gate":3,"minecraft:green_carpet":3,"minecraft:leather_helmet":3,"fishofthieves:fish_bone":1,"travelersbackpack:standard":1,"minecraft:iron_helmet":1,"furnish:rare_chinese_plate":1,"minecraft:baked_potato":1,"minecraft:dark_oak_wood":6,"minecraft:coal":231},"minecraft:custom":{"minecraft:interact_with_crafting_table":135,"minecraft:leave_game":4,"minecraft:time_since_death":71840,"minecraft:sprint_one_cm":1252422,"minecraft:damage_blocked_by_shield":405,"minecraft:drop":184,"minecraft:talked_to_villager":2,"minecraft:play_time":720066,"minecraft:deaths":19,"minecraft:jump":5376,"minecraft:interact_with_brewingstand":2,"minecraft:walk_on_water_one_cm":129537,"minecraft:interact_with_furnace":212,"minecraft:sleep_in_bed":24,"minecraft:damage_dealt":17012,"minecraft:crouch_one_cm":14074,"minecraft:inspect_dispenser":5,"minecraft:mob_kills":149,"minecraft:climb_one_cm":31795,"minecraft:walk_one_cm":1833288,"minecraft:sneak_time":5805,"minecraft:walk_under_water_one_cm":119458,"minecraft:interact_with_blast_furnace":14,"minecraft:total_world_time":720066,"minecraft:pot_flower":2,"minecraft:time_since_rest":16835,"minecraft:damage_taken":11454,"minecraft:damage_absorbed":79,"minecraft:swim_one_cm":255732,"minecraft:fly_one_cm":909596,"minecraft:open_chest":437,"minecraft:fall_one_cm":102362},"minecraft:dropped":{"minecraft:moss_block":2,"minecraft:birch_planks":181,"minecraft:oak_log":64,"epicsamurai:onyx":10,"minecraft:dark_oak_sapling":92,"minecraft:leather":2,"minecraft:jungle_planks":52,"travelersbackpack:standard":1,"minecraft:birch_slab":30,"minecraft:leather_helmet":3,"minecraft:red_mushroom":2,"minecraft:dirt":663,"minecraft:birch_fence":9,"minecraft:dark_oak_log":64,"epicsamurai:red_samurai_chestplate":1,"epicsamurai:red_samurai_leggings":1,"gravestone:obituary":23,"minecraft:wooden_sword":1,"minecraft:bone_meal":1,"epicsamurai:iron_samurai_boots":1,"epicsamurai:red_samurai_helmet":1,"minecraft:dark_oak_planks":6,"minecraft:bone":4,"alexsmobs:animal_dictionary":1,"minecraft:cobbled_deepslate":2,"minecraft:black_carpet":1,"minecraft:rotten_flesh":9,"minecraft:oak_planks":8,"travelersbackpack:pig":1,"minecraft:golden_shovel":3,"epicsamurai:blue_samurai_boots":1,"minecraft:birch_fence_gate":2,"minecraft:gunpowder":1,"minecraft:azalea":5,"epicsamurai:iron_samurai_helmet":1,"minecraft:arrow":1,"minecraft:glass":15,"epicsamurai:iron_samurai_chestplate":1,"fishofthieves:cooked_pondie":2,"minecraft:netherrack":9,"expanded_combat:stone_flail":1,"minecraft:stone_hoe":1,"minecraft:iron_ingot":27,"minecraft:bread":46,"minecraft:oak_slab":1,"minecraft:light_blue_candle":1,"minecraft:wheat_seeds":2,"epicsamurai:raw_silver":24,"minecraft:iron_helmet":1,"minecraft:feather":7,"minecraft:cobblestone":91,"minecraft:apple":4,"minecraft:granite":1,"minecraft:coal":62,"minecraft:stick":1,"farmersdelight:cabbage_rolls":8,"galosphere:raw_silver":5,"minecraft:diorite":9,"epicsamurai:blue_samurai_leggings_master":1,"minecraft:iron_leggings":1,"minecraft:flowering_azalea":1,"minecraft:iron_axe":3,"minecraft:bucket":1,"minecraft:pink_tulip":1,"epicsamurai:blue_samurai_chestplate":1,"minecraft:moss_carpet":7,"minecraft:stone_sword":1,"minecraft:raw_copper":4,"epicsamurai:red_samurai_boots":1,"minecraft:raw_iron":22,"minecraft:stone_shovel":2,"minecraft:clay_ball":8,"fishofthieves:fish_bone":1,"minecraft:flint_and_steel":1,"fishofthieves:earthworms":85,"minecraft:iron_chestplate":1,"minecraft:andesite":4,"minecraft:oak_sapling":55,"epicsamurai:iron_samurai_leggings":1,"minecraft:golden_sword":1,"minecraft:blue_orchid":1,"epicsamurai:blue_samurai_helmet":1},"minecraft:mined":{"minecraft:dark_oak_planks":244,"minecraft:spruce_planks":6,"minecraft:white_bed":3,"minecraft:farmland":11,"minecraft:black_terracotta":1,"minecraft:cobblestone_stairs":14,"minecraft:cave_vines_plant":49,"minecraft:granite":15,"epicsamurai:silver_ore":26,"minecraft:grass_block":698,"minecraft:orange_candle":1,"epicsamurai:deepslate_jade_ore":2,"minecraft:iron_ore":175,"minecraft:moss_carpet":4,"minecraft:black_carpet":1,"minecraft:deepslate_lapis_ore":2,"minecraft:pointed_dripstone":10,"minecraft:cave_vines":90,"minecraft:oak_stairs":4,"epicsamurai:deepslate_silver_ore":4,"illagerinvasion:magic_fire":8,"minecraft:azalea":1,"minecraft:white_banner":1,"minecraft:deepslate_redstone_ore":4,"minecraft:jungle_door":1,"minecraft:clay":19,"minecraft:torch":23,"minecraft:chest":3,"minecraft:mushroom_stem":4,"galosphere:silver_ore":35,"minecraft:cobblestone":29,"minecraft:oak_planks":37,"minecraft:wall_torch":26,"minecraft:birch_sapling":4,"minecraft:chain":12,"minecraft:red_candle":1,"minecraft:dark_oak_door":3,"minecraft:birch_log":182,"minecraft:wheat":275,"epicsamurai:aquamarine_ore":9,"minecraft:grass":52,"minecraft:oak_log":410,"minecraft:sand":24,"minecraft:dirt":321,"minecraft:red_mushroom_block":47,"minecraft:netherrack":9,"minecraft:oak_leaves":22,"minecraft:deepslate":2,"minecraft:dark_oak_leaves":14,"minecraft:candle":2,"minecraft:oak_door":3,"minecraft:dark_oak_log":1295,"gravestone:gravestone":19,"minecraft:birch_fence_gate":5,"minecraft:ladder":3,"minecraft:birch_slab":9,"minecraft:moss_block":20,"epicsamurai:onyx_ore":9,"minecraft:redstone_ore":13,"minecraft:potted_dark_oak_sapling":1,"minecraft:furnace":6,"minecraft:andesite":22,"minecraft:dark_oak_fence_gate":3,"minecraft:bookshelf":47,"minecraft:deepslate_iron_ore":3,"minecraft:vine":6,"minecraft:stone":496,"minecraft:birch_pressure_plate":3,"minecraft:birch_stairs":2,"minecraft:oak_slab":1,"minecraft:light_gray_carpet":1,"epicsamurai:jade_ore":3,"minecraft:glass_pane":2,"minecraft:stone_brick_slab":12,"galosphere:deepslate_silver_ore":6,"minecraft:crafting_table":11,"furnish:rare_chinese_plate":1,"minecraft:copper_ore":3,"minecraft:tall_grass":12,"minecraft:lapis_ore":7,"minecraft:deepslate_gold_ore":2,"minecraft:diorite":18,"minecraft:birch_planks":5,"minecraft:cobblestone_wall":5,"minecraft:birch_leaves":2,"minecraft:coal_ore":190,"minecraft:light_blue_candle":1,"minecraft:gravel":3,"minecraft:gray_carpet":1,"minecraft:cobweb":15,"minecraft:gold_ore":1,"minecraft:birch_fence":32},"minecraft:used":{"minecraft:moss_block":3,"fishofthieves:cooked_wildsplash":1,"crabbersdelight:cooked_tropical_fish":5,"farmersdelight:cabbage_rolls":1,"minecraft:oak_sign":4,"minecraft:black_carpet":2,"minecraft:chest":15,"minecraft:shield":5,"fishofthieves:pondie":5,"minecraft:rotten_flesh":13,"minecraft:birch_pressure_plate":13,"travelersbackpack:pig":10,"minecraft:glass":119,"alexsmobs:lobster_tail":2,"minecraft:lantern":1,"minecraft:birch_sapling":14,"fishofthieves:cooked_pondie":15,"minecraft:golden_sword":20,"minecraft:bow":12,"minecraft:furnace":13,"minecraft:dark_oak_stairs":1,"minecraft:diorite":7,"minecraft:oak_planks":272,"minecraft:stone_pickaxe":853,"minecraft:gray_carpet":5,"expanded_combat:oak_plank_great_hammer":64,"minecraft:wooden_pickaxe":40,"minecraft:leather_chestplate":1,"minecraft:golden_apple":2,"minecraft:glow_berries":141,"minecraft:blast_furnace":1,"minecraft:birch_fence":200,"epicsamurai:blue_samurai_helmet":1,"minecraft:dark_oak_log":2,"minecraft:birch_fence_gate":5,"minecraft:cyan_carpet":2,"minecraft:birch_slab":12,"minecraft:bread":20,"minecraft:oak_pressure_plate":5,"minecraft:wooden_sword":35,"minecraft:andesite":8,"minecraft:bone_meal":66,"minecraft:golden_pickaxe":32,"minecraft:stone_sword":8,"minecraft:flint_and_steel":3,"minecraft:stone_shovel":1059,"minecraft:light_gray_carpet":15,"furnish:rare_chinese_plate":1,"minecraft:cooked_chicken":2,"minecraft:stone_hoe":241,"minecraft:oak_door":3,"minecraft:torch":262,"fishofthieves:earthworms":8,"minecraft:dirt":216,"minecraft:white_carpet":2,"minecraft:yellow_carpet":1,"minecraft:golden_shovel":33,"minecraft:orange_candle":2,"expanded_combat:iron_claymore":144,"minecraft:dark_oak_planks":590,"minecraft:stone_brick_slab":9,"minecraft:wooden_axe":3,"alexsmobs:maggot":2,"minecraft:bookshelf":47,"minecraft:iron_axe":487,"minecraft:oak_stairs":3,"epicsamurai:blue_samurai_chestplate":1,"minecraft:cooked_beef":2,"minecraft:golden_axe":36,"minecraft:wheat_seeds":447,"minecraft:cooked_mutton":9,"minecraft:water_bucket":50,"minecraft:birch_planks":81,"minecraft:baked_potato":1,"expanded_combat:stone_flail":48,"minecraft:crafting_table":32,"epicsamurai:blue_samurai_leggings_master":1,"minecraft:white_bed":6,"minecraft:campfire":1,"minecraft:dark_oak_fence_gate":8,"minecraft:dark_oak_door":3,"minecraft:light_blue_candle":1,"minecraft:oak_log":40,"minecraft:flower_pot":2,"minecraft:apple":25,"minecraft:chicken":3,"minecraft:iron_pickaxe":396,"minecraft:stone_axe":1931,"minecraft:blue_carpet":4,"minecraft:green_carpet":3,"minecraft:cobblestone":226,"illagerinvasion:platinum_infused_hatchet":7,"travelersbackpack:standard":3,"minecraft:white_banner":3,"minecraft:cooked_porkchop":28,"minecraft:jungle_door":3,"minecraft:bucket":51,"minecraft:candle":5,"minecraft:birch_stairs":2},"minecraft:killed_by":{"epicsamurai:jorogumo":2,"minecraft:creeper":3,"epicsamurai:onibi":1,"minecraft:vindicator":1,"minecraft:zombie":2,"creeperoverhaul:dripstone_creeper":1,"minecraft:skeleton":7,"illagerinvasion:marauder":1},"minecraft:crafted":{"minecraft:smooth_stone":64,"minecraft:oak_planks":448,"epicsamurai:silver_ingot":25,"minecraft:oak_sign":3,"minecraft:oak_pressure_plate":5,"minecraft:cooked_chicken":2,"minecraft:birch_slab":24,"minecraft:stone":64,"minecraft:cobblestone_stairs":4,"expanded_combat:stone_flail":1,"minecraft:bookshelf":47,"minecraft:cooked_mutton":9,"epicsamurai:red_samurai_chestplate":1,"epicsamurai:blue_samurai_leggings_master":1,"epicsamurai:red_samurai_boots":1,"minecraft:glass":102,"epicsamurai:red_samurai_leggings":1,"epicsamurai:iron_samurai_helmet":1,"minecraft:bow":2,"minecraft:iron_boots":1,"minecraft:birch_fence_gate":2,"minecraft:chest":13,"epicsamurai:blue_samurai_chestplate":1,"galosphere:silver_ingot":36,"minecraft:stone_hoe":3,"epicsamurai:blue_samurai_helmet":1,"minecraft:cooked_porkchop":30,"minecraft:crafting_table":18,"minecraft:wooden_pickaxe":1,"minecraft:iron_helmet":2,"minecraft:birch_pressure_plate":9,"fishofthieves:cooked_pondie":12,"minecraft:copper_ingot":11,"minecraft:birch_planks":608,"minecraft:campfire":1,"minecraft:charcoal":32,"minecraft:iron_chestplate":1,"minecraft:shield":1,"minecraft:birch_fence":105,"minecraft:stick":112,"minecraft:iron_ingot":230,"minecraft:iron_pickaxe":2,"epicsamurai:blue_samurai_boots":1,"minecraft:stone_sword":2,"minecraft:dark_oak_fence_gate":5,"minecraft:wooden_sword":3,"minecraft:oak_door":3,"minecraft:stone_shovel":10,"epicsamurai:iron_samurai_chestplate":1,"minecraft:blast_furnace":1,"minecraft:furnace":8,"expanded_combat:iron_claymore":1,"minecraft:bone_meal":66,"epicsamurai:iron_samurai_leggings":1,"minecraft:iron_axe":2,"minecraft:stone_pickaxe":7,"minecraft:dark_oak_planks":208,"fishofthieves:cooked_wildsplash":1,"minecraft:cooked_beef":3,"expanded_combat:oak_plank_great_hammer":1,"minecraft:iron_sword":1,"minecraft:bucket":2,"minecraft:stone_axe":14,"minecraft:jungle_planks":32,"minecraft:bread":85,"minecraft:air":0,"crabbersdelight:cooked_tropical_fish":5,"minecraft:jungle_door":3,"minecraft:wooden_axe":1,"minecraft:oak_stairs":4,"minecraft:iron_leggings":1,"minecraft:white_bed":1,"epicsamurai:steel_ingot":57,"minecraft:torch":208,"epicsamurai:red_samurai_helmet":1,"epicsamurai:iron_samurai_boots":1}},"DataVersion":3465}