{"stats":{"minecraft:used":{"minecraft:moss_block":3,"minecraft:stone_sword":5,"minecraft:flint_and_steel":3,"minecraft:oak_sign":1,"minecraft:chest":3,"fishofthieves:pondie":5,"furnish:rare_chinese_plate":1,"minecraft:rotten_flesh":9,"minecraft:cooked_chicken":2,"minecraft:torch":20,"fishofthieves:earthworms":8,"minecraft:dirt":21,"travelersbackpack:pig":7,"minecraft:golden_shovel":33,"expanded_combat:iron_claymore":78,"minecraft:wooden_axe":3,"alexsmobs:maggot":2,"alexsmobs:lobster_tail":2,"minecraft:golden_sword":20,"minecraft:bow":10,"minecraft:furnace":7,"minecraft:cooked_beef":2,"minecraft:golden_axe":36,"minecraft:cooked_mutton":9,"minecraft:birch_planks":1,"minecraft:baked_potato":1,"minecraft:stone_pickaxe":253,"minecraft:oak_planks":198,"expanded_combat:oak_plank_great_hammer":64,"minecraft:wooden_pickaxe":5,"minecraft:leather_chestplate":1,"expanded_combat:stone_flail":35,"minecraft:golden_apple":2,"minecraft:glow_berries":57,"minecraft:crafting_table":14,"minecraft:white_bed":1,"minecraft:campfire":1,"minecraft:apple":11,"minecraft:chicken":3,"minecraft:iron_pickaxe":83,"minecraft:stone_axe":303,"minecraft:wooden_sword":35,"minecraft:cobblestone":86,"travelersbackpack:standard":2,"minecraft:cooked_porkchop":28,"minecraft:andesite":2,"minecraft:golden_pickaxe":32},"minecraft:custom":{"minecraft:mob_kills":83,"minecraft:interact_with_crafting_table":43,"minecraft:leave_game":2,"minecraft:time_since_death":17192,"minecraft:climb_one_cm":4307,"minecraft:sprint_one_cm":535655,"minecraft:walk_one_cm":465860,"minecraft:drop":51,"minecraft:talked_to_villager":2,"minecraft:play_time":161972,"minecraft:deaths":11,"minecraft:sneak_time":2735,"minecraft:walk_under_water_one_cm":24370,"minecraft:jump":2633,"minecraft:interact_with_brewingstand":2,"minecraft:walk_on_water_one_cm":48488,"minecraft:total_world_time":161972,"minecraft:interact_with_furnace":50,"minecraft:sleep_in_bed":3,"minecraft:time_since_rest":17052,"minecraft:damage_taken":7426,"minecraft:damage_absorbed":79,"minecraft:damage_dealt":11067,"minecraft:swim_one_cm":155344,"minecraft:fly_one_cm":547109,"minecraft:open_chest":58,"minecraft:crouch_one_cm":9588,"minecraft:fall_one_cm":67868,"minecraft:inspect_dispenser":5},"minecraft:mined":{"minecraft:dark_oak_planks":2,"minecraft:spruce_planks":6,"minecraft:dark_oak_leaves":5,"minecraft:black_terracotta":1,"minecraft:ladder":1,"minecraft:cave_vines_plant":23,"gravestone:gravestone":11,"epicsamurai:silver_ore":11,"minecraft:grass_block":11,"minecraft:moss_block":10,"epicsamurai:onyx_ore":4,"epicsamurai:deepslate_jade_ore":2,"minecraft:redstone_ore":13,"minecraft:furnace":4,"minecraft:iron_ore":83,"minecraft:andesite":4,"minecraft:moss_carpet":3,"minecraft:deepslate_lapis_ore":2,"minecraft:pointed_dripstone":10,"minecraft:cave_vines":32,"minecraft:deepslate_iron_ore":3,"epicsamurai:deepslate_silver_ore":3,"illagerinvasion:magic_fire":8,"minecraft:azalea":1,"minecraft:stone":111,"minecraft:deepslate_redstone_ore":4,"epicsamurai:jade_ore":3,"minecraft:clay":6,"minecraft:crafting_table":6,"minecraft:torch":4,"minecraft:chest":1,"galosphere:silver_ore":9,"furnish:rare_chinese_plate":1,"minecraft:tall_grass":7,"minecraft:cobblestone":2,"minecraft:lapis_ore":6,"minecraft:oak_planks":14,"minecraft:wall_torch":7,"minecraft:birch_planks":1,"minecraft:chain":12,"minecraft:red_candle":1,"minecraft:birch_log":17,"epicsamurai:aquamarine_ore":6,"minecraft:birch_leaves":2,"minecraft:grass":12,"minecraft:coal_ore":42,"minecraft:oak_log":266,"minecraft:sand":24,"minecraft:dirt":8,"minecraft:cobweb":13,"minecraft:red_mushroom_block":2,"minecraft:netherrack":9,"minecraft:gold_ore":1,"minecraft:oak_leaves":12},"minecraft:dropped":{"minecraft:iron_ingot":3,"minecraft:wheat_seeds":1,"minecraft:oak_log":64,"minecraft:feather":7,"minecraft:cobblestone":1,"minecraft:leather":2,"minecraft:leather_helmet":2,"minecraft:red_mushroom":2,"minecraft:dirt":7,"gravestone:obituary":8,"minecraft:wooden_sword":1,"minecraft:flowering_azalea":1,"minecraft:bone":4,"minecraft:moss_carpet":6,"minecraft:stone_sword":1,"minecraft:rotten_flesh":9,"minecraft:golden_shovel":3,"minecraft:flint_and_steel":1,"minecraft:andesite":1,"minecraft:azalea":5,"minecraft:oak_sapling":19,"minecraft:golden_sword":1,"minecraft:arrow":1,"minecraft:netherrack":9,"expanded_combat:stone_flail":1},"minecraft:crafted":{"minecraft:wooden_sword":3,"minecraft:oak_planks":404,"minecraft:oak_sign":3,"minecraft:cooked_chicken":2,"minecraft:furnace":3,"expanded_combat:iron_claymore":1,"expanded_combat:stone_flail":1,"minecraft:cooked_mutton":9,"minecraft:bow":2,"minecraft:stone_pickaxe":3,"minecraft:chest":3,"minecraft:cooked_beef":3,"expanded_combat:oak_plank_great_hammer":1,"minecraft:cooked_porkchop":30,"minecraft:crafting_table":8,"minecraft:wooden_pickaxe":1,"minecraft:iron_helmet":1,"minecraft:iron_sword":1,"minecraft:campfire":1,"minecraft:stone_axe":3,"minecraft:air":0,"minecraft:iron_chestplate":1,"minecraft:stick":28,"minecraft:iron_ingot":13,"minecraft:iron_pickaxe":1,"minecraft:wooden_axe":1,"minecraft:stone_sword":2,"minecraft:torch":8},"minecraft:killed":{"illagerinvasion:archivist":1,"alexsmobs:lobster":3,"alexsmobs:raccoon":1,"minecraft:spider":1,"minecraft:vindicator":1,"fishofthieves:pondie":5,"alexsmobs:seagull":3,"illagerinvasion:basher":1,"creeperoverhaul:dripstone_creeper":1,"minecraft:skeleton":12,"minecraft:chicken":5,"minecraft:pig":14,"minecraft:sheep":4,"minecraft:zombie":22,"illagerinvasion:sorcerer":2,"alexsmobs:fly":2,"minecraft:cow":2},"minecraft:picked_up":{"expanded_combat:stone_flail":1,"minecraft:crafting_table":6,"minecraft:ladder":1,"minecraft:chicken":5,"minecraft:clay_ball":43,"minecraft:golden_pickaxe":1,"minecraft:wooden_pickaxe":1,"minecraft:golden_shovel":3,"gravestone:obituary":3,"minecraft:chain":12,"minecraft:golden_sword":1,"minecraft:wooden_sword":1,"minecraft:string":13,"minecraft:moss_carpet":14,"illagerinvasion:unusual_dust":2,"epicsamurai:jade":5,"travelersbackpack:pig":1,"minecraft:spruce_planks":6,"minecraft:beef":3,"minecraft:player_head":1,"minecraft:azalea":6,"minecraft:iron_nugget":20,"minecraft:birch_sapling":2,"minecraft:chest":1,"minecraft:furnace":4,"minecraft:dark_oak_sapling":1,"minecraft:stick":76,"minecraft:raw_iron":83,"minecraft:torch":12,"minecraft:porkchop":29,"minecraft:golden_axe":1,"minecraft:pointed_dripstone":13,"minecraft:brown_concrete_powder":2,"minecraft:redstone":75,"minecraft:dark_oak_planks":13,"minecraft:stone_sword":1,"minecraft:arrow":8,"minecraft:rotten_flesh":18,"minecraft:glow_berries":33,"minecraft:obsidian":2,"minecraft:mutton":5,"alexsmobs:lobster_tail":2,"minecraft:white_wool":3,"minecraft:cobblestone":141,"minecraft:birch_log":16,"minecraft:leather_chestplate":2,"minecraft:feather":12,"epicsamurai:spirit_upgrade_smithing_template":1,"minecraft:andesite":5,"minecraft:leather":4,"minecraft:brown_wool":1,"minecraft:red_mushroom":2,"minecraft:birch_planks":3,"minecraft:flint":1,"minecraft:oak_log":251,"minecraft:cobblestone_stairs":1,"minecraft:lapis_lazuli":53,"minecraft:dirt":48,"minecraft:paper":2,"minecraft:leather_boots":1,"minecraft:bone":10,"minecraft:apple":14,"minecraft:bow":1,"minecraft:wheat_seeds":3,"minecraft:raw_gold":1,"minecraft:stone_pickaxe":1,"fishofthieves:earthworms":8,"galosphere:raw_silver":9,"epicsamurai:aquamarine":6,"minecraft:moss_block":15,"epicsamurai:raw_silver":17,"minecraft:flowering_azalea":1,"minecraft:oak_planks":14,"minecraft:dark_oak_stairs":1,"minecraft:book":1,"epicsamurai:onyx":4,"minecraft:black_terracotta":3,"minecraft:cooked_porkchop":2,"fishofthieves:pondie":5,"minecraft:gravel":3,"minecraft:sand":18,"minecraft:white_bed":1,"minecraft:leather_helmet":2,"travelersbackpack:standard":1,"minecraft:black_concrete":3,"minecraft:granite":1,"minecraft:golden_apple":2,"minecraft:baked_potato":1,"minecraft:emerald":3,"furnish:rare_chinese_plate":1,"alexsmobs:maggot":2,"minecraft:oak_sapling":96,"minecraft:netherrack":18,"minecraft:dark_oak_wood":6,"minecraft:coal":55,"minecraft:wooden_axe":1},"minecraft:broken":{"minecraft:stone_pickaxe":1,"minecraft:golden_axe":1,"minecraft:stone_axe":2,"minecraft:golden_pickaxe":1},"minecraft:killed_by":{"epicsamurai:jorogumo":1,"minecraft:creeper":1,"epicsamurai:onibi":1,"creeperoverhaul:dripstone_creeper":1,"minecraft:vindicator":1,"minecraft:skeleton":5,"minecraft:zombie":1}},"DataVersion":3465}