{"stats":{"minecraft:killed":{"minecraft:spider":1,"endermanoverhaul:dark_oak_enderman":1,"creeperoverhaul:dripstone_creeper":1,"minecraft:skeleton":13,"fishofthieves:wildsplash":1,"creeperoverhaul:dark_oak_creeper":1,"minecraft:chicken":5,"minecraft:axolotl":1,"minecraft:tropical_fish":9,"minecraft:pig":1,"minecraft:zombie_villager":52,"epicsamurai:jorogumo":1,"minecraft:pillager":1,"tinyskeletons:baby_skeleton":1,"minecraft:zombie":12,"illagerinvasion:marauder":6,"minecraft:squid":1,"alexsmobs:crow":1},"minecraft:broken":{"minecraft:iron_shovel":2,"expanded_combat:iron_broad_sword":1,"minecraft:stone_pickaxe":1,"minecraft:stone_axe":2,"minecraft:wooden_axe":1,"minecraft:stone_shovel":1,"minecraft:iron_axe":5,"minecraft:iron_pickaxe":5},"minecraft:dropped":{"minecraft:moss_block":24,"minecraft:birch_planks":8,"minecraft:lapis_lazuli":61,"minecraft:crafting_table":1,"minecraft:dark_oak_button":1,"minecraft:iron_horse_armor":1,"travelersbackpack:standard":1,"farmersdelight:rice":5,"minecraft:music_disc_11":1,"minecraft:dirt":16,"minecraft:birch_fence":71,"minecraft:dark_oak_fence":16,"epicsamurai:red_samurai_chestplate":1,"epicsamurai:red_samurai_leggings":1,"gravestone:obituary":6,"minecraft:sand":986,"epicsamurai:red_samurai_helmet":1,"minecraft:music_disc_stal":1,"minecraft:dark_oak_planks":414,"minecraft:gravel":12,"minecraft:sugar_cane":21,"minecraft:cobbled_deepslate":32,"minecraft:pointed_dripstone":1,"minecraft:rotten_flesh":3,"minecraft:black_terracotta":2,"minecraft:light_gray_carpet":3,"minecraft:birch_fence_gate":2,"minecraft:poppy":1,"minecraft:gunpowder":1,"minecraft:melon_seeds":8,"minecraft:azalea":1,"farmersdelight:rope":36,"minecraft:glass":43,"fishofthieves:cooked_pondie":4,"farmersdelight:tomato_seeds":7,"epicsamurai:raw_silver":7,"minecraft:light_blue_candle":2,"minecraft:wheat_seeds":132,"crabbersdelight:cooked_tropical_fish":5,"minecraft:iron_helmet":1,"minecraft:cobblestone":242,"minecraft:book":1,"minecraft:granite":54,"minecraft:coal":21,"minecraft:stick":9,"illagerinvasion:platinum_chunk":1,"minecraft:diorite":101,"minecraft:ink_sac":2,"minecraft:torch":6,"minecraft:wooden_axe":1,"minecraft:iron_door":3,"epicsamurai:jorogumo_eye":1,"minecraft:iron_leggings":1,"minecraft:iron_axe":5,"minecraft:paper":24,"minecraft:string":11,"minecraft:bucket":2,"minecraft:moss_carpet":14,"minecraft:kelp":55,"minecraft:stone_sword":1,"minecraft:raw_copper":3,"minecraft:tuff":15,"epicsamurai:red_samurai_boots":1,"farmersdelight:cabbage_seeds":2,"minecraft:stone_shovel":1,"minecraft:clay_ball":111,"minecraft:flint_and_steel":1,"minecraft:filled_map":4,"miners_delight:cave_carrot":4,"minecraft:stone":1,"fishofthieves:earthworms":65,"minecraft:diamond_pickaxe":1,"minecraft:andesite":68,"minecraft:oak_sapling":1,"minecraft:brown_bed":1,"minecraft:stone_bricks":6,"minecraft:stone_pickaxe":1,"minecraft:wooden_pickaxe":1,"minecraft:magma_block":2},"minecraft:crafted":{"ironchests:copper_chest":1,"minecraft:oak_planks":284,"minecraft:cobblestone_slab":6,"minecraft:cooked_chicken":2,"minecraft:stone":62,"minecraft:cobblestone_stairs":4,"minecraft:hopper":5,"minecraft:glass":139,"minecraft:dark_oak_door":9,"minecraft:stone_brick_slab":42,"minecraft:iron_boots":1,"minecraft:birch_fence_gate":1,"minecraft:chest":18,"galosphere:silver_ingot":18,"minecraft:oak_fence":36,"minecraft:stone_bricks":56,"galosphere:smooth_allurite_slab":42,"minecraft:crafting_table":7,"minecraft:iron_helmet":1,"galosphere:smooth_allurite":192,"minecraft:wooden_pickaxe":1,"expanded_combat:iron_broad_sword":1,"ironchests:iron_chest":1,"fishofthieves:cooked_pondie":9,"minecraft:birch_planks":352,"minecraft:charcoal":64,"minecraft:dark_oak_slab":24,"minecraft:iron_chestplate":1,"minecraft:diamond_pickaxe":3,"minecraft:shield":1,"minecraft:birch_fence":93,"minecraft:stick":196,"minecraft:iron_ingot":39,"minecraft:iron_pickaxe":7,"minecraft:iron_block":5,"minecraft:gold_ingot":16,"minecraft:dark_oak_fence_gate":1,"minecraft:birch_stairs":28,"minecraft:stone_shovel":1,"minecraft:wooden_sword":1,"minecraft:stone_brick_wall":24,"galosphere:smooth_allurite_stairs":24,"expanded_combat:iron_claymore":1,"minecraft:flint_and_steel":1,"minecraft:dark_oak_fence":27,"minecraft:iron_axe":7,"minecraft:ladder":9,"minecraft:stone_pickaxe":3,"ironchests:gold_chest":1,"minecraft:dark_oak_planks":2849,"fishofthieves:cooked_wildsplash":2,"minecraft:dark_oak_stairs":12,"minecraft:enchanting_table":1,"minecraft:iron_sword":1,"minecraft:dark_oak_button":1,"minecraft:bucket":1,"minecraft:stone_axe":3,"minecraft:bread":122,"minecraft:air":0,"crabbersdelight:cooked_tropical_fish":9,"minecraft:oak_boat":1,"minecraft:jungle_door":3,"minecraft:wooden_axe":1,"minecraft:iron_shovel":4,"minecraft:iron_leggings":1,"minecraft:anvil":1,"minecraft:torch":80},"minecraft:mined":{"minecraft:dark_oak_planks":604,"minecraft:blue_carpet":4,"minecraft:white_bed":6,"minecraft:black_terracotta":2,"minecraft:cobblestone_stairs":88,"minecraft:obsidian":76,"minecraft:cave_vines_plant":7,"minecraft:granite":125,"minecraft:grass_block":128,"minecraft:stone_brick_wall":8,"minecraft:yellow_carpet":1,"galosphere:smooth_allurite_stairs":5,"minecraft:hopper":1,"minecraft:oak_wall_sign":1,"minecraft:tall_seagrass":10,"epicsamurai:deepslate_jade_ore":4,"minecraft:magma_block":6,"minecraft:barrel":1,"minecraft:iron_ore":62,"minecraft:cobbled_deepslate":32,"minecraft:fire":1,"minecraft:moss_carpet":3,"minecraft:black_carpet":2,"minecraft:deepslate_lapis_ore":2,"minecraft:dark_oak_stairs":16,"minecraft:cave_vines":8,"epicsamurai:deepslate_silver_ore":7,"minecraft:oak_stairs":1,"minecraft:iron_bars":2,"minecraft:green_carpet":3,"minecraft:azalea":1,"minecraft:deepslate_redstone_ore":10,"ironchests:copper_chest":1,"minecraft:jungle_door":3,"minecraft:kelp_plant":5,"miners_delight:cave_carrots":3,"galosphere:smooth_allurite_slab":6,"minecraft:clay":96,"minecraft:torch":8,"minecraft:poppy":2,"minecraft:chest":20,"galosphere:silver_ore":12,"minecraft:glass":30,"minecraft:cobblestone":240,"betterfurnacesreforged:copper_furnace":1,"minecraft:sugar_cane":2,"minecraft:oak_planks":46,"minecraft:iron_door":3,"minecraft:wall_torch":6,"minecraft:seagrass":6,"minecraft:dark_oak_slab":13,"minecraft:dark_oak_door":2,"minecraft:birch_log":6,"minecraft:wheat":419,"minecraft:lilac":8,"minecraft:black_bed":2,"minecraft:tnt":4,"diagonalwindows:minecraft/glass_pane":5,"minecraft:grass":38,"minecraft:oak_log":57,"galosphere:smooth_allurite":25,"minecraft:sand":664,"minecraft:dirt":184,"minecraft:netherrack":1,"minecraft:oak_leaves":2,"minecraft:deepslate":504,"epicsamurai:deepslate_onyx_ore":6,"alexscaves:spelunkery_table":1,"minecraft:deepslate_diamond_ore":11,"minecraft:diamond_ore":3,"minecraft:tuff":52,"minecraft:dark_oak_leaves":11,"minecraft:candle":1,"minecraft:dark_oak_log":456,"minecraft:ladder":1,"gravestone:gravestone":9,"minecraft:dark_oak_fence":20,"minecraft:birch_slab":13,"minecraft:kelp":1,"minecraft:moss_block":89,"epicsamurai:onyx_ore":6,"minecraft:furnace":6,"minecraft:dark_oak_fence_gate":2,"minecraft:andesite":153,"minecraft:bookshelf":17,"minecraft:deepslate_iron_ore":32,"minecraft:cobblestone_slab":29,"minecraft:rail":1,"minecraft:lantern":1,"minecraft:stripped_oak_log":1,"minecraft:stone":1278,"minecraft:birch_pressure_plate":2,"muffins_thaidelight:lime_bush":4,"minecraft:oak_slab":7,"minecraft:birch_stairs":8,"minecraft:light_gray_carpet":16,"minecraft:glass_pane":14,"minecraft:lily_of_the_valley":3,"minecraft:potted_lily_of_the_valley":1,"minecraft:stone_brick_slab":16,"galosphere:deepslate_silver_ore":7,"minecraft:dandelion":1,"epicsamurai:deepslate_aquamarine_ore":10,"minecraft:oak_fence":4,"minecraft:crafting_table":15,"ironchests:gold_chest":2,"ironchests:iron_chest":1,"minecraft:stone_slab":1,"minecraft:tall_grass":6,"minecraft:copper_ore":10,"minecraft:deepslate_gold_ore":10,"minecraft:lapis_ore":31,"minecraft:diorite":118,"minecraft:big_dripleaf":1,"minecraft:birch_planks":158,"minecraft:cobblestone_wall":100,"minecraft:white_carpet":2,"minecraft:yellow_bed":1,"minecraft:coal_ore":172,"minecraft:gravel":24,"minecraft:cyan_carpet":2,"minecraft:gray_carpet":4,"minecraft:cobweb":9,"minecraft:cracked_stone_bricks":1,"minecraft:stone_bricks":3,"minecraft:small_dripleaf":1,"minecraft:mossy_stone_bricks":1,"minecraft:gold_ore":7,"minecraft:birch_fence":74,"epicsamurai:ruby_ore":8},"minecraft:custom":{"minecraft:animals_bred":16,"minecraft:interact_with_crafting_table":118,"minecraft:open_barrel":5,"minecraft:leave_game":7,"minecraft:time_since_death":96637,"minecraft:sprint_one_cm":1101456,"minecraft:damage_blocked_by_shield":1385,"minecraft:drop":185,"minecraft:play_time":723512,"minecraft:deaths":9,"minecraft:jump":8061,"minecraft:interact_with_brewingstand":3,"minecraft:walk_on_water_one_cm":183834,"minecraft:enchant_item":3,"minecraft:interact_with_furnace":136,"minecraft:interact_with_loom":12,"minecraft:sleep_in_bed":18,"minecraft:waystone_activated":1,"minecraft:damage_dealt":20084,"minecraft:crouch_one_cm":82778,"minecraft:interact_with_smithing_table":2,"minecraft:interact_with_anvil":4,"minecraft:mob_kills":110,"minecraft:inspect_hopper":2,"minecraft:climb_one_cm":35726,"minecraft:walk_one_cm":1925638,"minecraft:sneak_time":36454,"minecraft:walk_under_water_one_cm":124175,"minecraft:interact_with_blast_furnace":5,"minecraft:total_world_time":723512,"minecraft:time_since_rest":40772,"minecraft:damage_taken":7036,"minecraft:swim_one_cm":254727,"minecraft:fly_one_cm":1203605,"minecraft:open_chest":468,"minecraft:fall_one_cm":129369},"minecraft:used":{"fishofthieves:cooked_wildsplash":2,"minecraft:moss_carpet":1,"minecraft:iron_shovel":688,"crabbersdelight:cooked_tropical_fish":12,"farmersdelight:cabbage_rolls":4,"minecraft:ladder":5,"minecraft:chest":33,"minecraft:shield":17,"minecraft:stone":8,"minecraft:iron_sword":42,"minecraft:iron_chestplate":1,"minecraft:birch_pressure_plate":2,"travelersbackpack:pig":6,"minecraft:carrot":1,"minecraft:tuff":10,"minecraft:axolotl_bucket":6,"minecraft:obsidian":42,"minecraft:glass":137,"minecraft:lava_bucket":16,"minecraft:lantern":2,"minecraft:iron_helmet":1,"minecraft:dark_oak_slab":26,"fishofthieves:cooked_pondie":11,"minecraft:bow":9,"minecraft:magma_block":4,"minecraft:furnace":5,"ironchests:copper_chest":1,"minecraft:egg":2,"minecraft:potato":1,"ironchests:gold_chest":3,"minecraft:dark_oak_stairs":17,"minecraft:diorite":6,"ironchests:iron_chest":1,"minecraft:stone_pickaxe":231,"minecraft:oak_planks":34,"minecraft:ender_pearl":1,"minecraft:wooden_pickaxe":21,"minecraft:glow_berries":14,"minecraft:sand":3,"minecraft:stone_brick_wall":32,"minecraft:black_bed":1,"minecraft:birch_fence":102,"minecraft:black_terracotta":2,"galosphere:smooth_allurite_slab":51,"minecraft:string":1,"minecraft:birch_fence_gate":1,"minecraft:dark_oak_log":49,"minecraft:birch_slab":26,"minecraft:bread":83,"minecraft:gravel":4,"minecraft:lilac":2,"minecraft:wooden_sword":5,"minecraft:dark_oak_fence":11,"minecraft:andesite":32,"minecraft:oak_boat":1,"minecraft:tropical_fish_bucket":4,"minecraft:cobweb":2,"muffins_thaidelight:lime":10,"minecraft:oak_fence":4,"minecraft:enchanting_table":1,"minecraft:stone_sword":5,"minecraft:tropical_fish":3,"minecraft:flint_and_steel":3,"minecraft:stone_shovel":195,"minecraft:cooked_chicken":2,"minecraft:stone_hoe":47,"minecraft:torch":66,"fishofthieves:earthworms":9,"minecraft:dirt":96,"minecraft:anvil":2,"minecraft:hopper":6,"minecraft:cobblestone_wall":1,"minecraft:yellow_carpet":1,"minecraft:granite":28,"betterfurnacesreforged:copper_furnace":1,"expanded_combat:iron_claymore":100,"minecraft:stone_brick_slab":56,"minecraft:dark_oak_planks":2337,"minecraft:wooden_axe":60,"minecraft:flowering_azalea":1,"minecraft:iron_axe":1292,"minecraft:iron_boots":1,"alexscaves:spelunkery_table":1,"galosphere:smooth_allurite":156,"minecraft:cobbled_deepslate":191,"minecraft:iron_leggings":1,"minecraft:wheat_seeds":423,"minecraft:water_bucket":96,"minecraft:cobblestone_stairs":20,"minecraft:birch_planks":111,"expanded_combat:iron_broad_sword":267,"galosphere:smooth_allurite_stairs":30,"minecraft:cobblestone_slab":5,"minecraft:oak_slab":1,"minecraft:crafting_table":18,"minecraft:white_bed":4,"minecraft:dark_oak_fence_gate":3,"minecraft:dark_oak_door":11,"minecraft:oak_log":3,"minecraft:diamond_pickaxe":1946,"minecraft:apple":8,"fishofthieves:grubs":1,"minecraft:chicken":2,"minecraft:iron_pickaxe":1399,"minecraft:stone_axe":352,"minecraft:blue_carpet":4,"minecraft:green_carpet":3,"miners_delight:cave_carrot":2,"minecraft:cobblestone":333,"illagerinvasion:platinum_infused_hatchet":5,"travelersbackpack:standard":3,"minecraft:jungle_door":5,"minecraft:bucket":122,"minecraft:kelp":5,"minecraft:birch_stairs":35},"minecraft:picked_up":{"minecraft:wooden_axe":2,"minecraft:black_carpet":2,"farmersdelight:cabbage_rolls":4,"minecraft:wheat":387,"illagerinvasion:platinum_chunk":2,"minecraft:anvil":1,"minecraft:flower_pot":1,"minecraft:brown_bed":2,"minecraft:string":11,"minecraft:raw_copper":32,"epicsamurai:iron_samurai_chestplate":1,"minecraft:iron_leggings":1,"minecraft:oak_sign":2,"illagerinvasion:platinum_infused_hatchet":1,"minecraft:cobbled_deepslate":532,"minecraft:bucket":1,"minecraft:cobblestone_slab":65,"minecraft:azalea":3,"minecraft:iron_pickaxe":1,"fishofthieves:cooked_pondie":8,"minecraft:furnace":6,"minecraft:dark_oak_door":2,"minecraft:stick":34,"minecraft:jungle_door":3,"minecraft:oak_fence":4,"minecraft:torch":83,"crabbersdelight:cooked_tropical_fish":5,"minecraft:pointed_dripstone":1,"minecraft:diorite":129,"minecraft:stone_sword":2,"minecraft:rotten_flesh":37,"minecraft:tropical_fish":12,"epicsamurai:red_samurai_boots":1,"minecraft:obsidian":74,"minecraft:iron_bars":6,"minecraft:cobblestone":1708,"minecraft:birch_log":8,"minecraft:magma_block":7,"minecraft:feather":4,"minecraft:lilac":2,"minecraft:iron_door":9,"minecraft:birch_slab":32,"minecraft:andesite":147,"minecraft:black_bed":1,"epicsamurai:red_samurai_chestplate":1,"minecraft:potato":1,"minecraft:flint":4,"minecraft:tuff":88,"galosphere:smooth_allurite":29,"fishofthieves:wildsplash":2,"minecraft:lapis_lazuli":277,"minecraft:dirt":706,"minecraft:lantern":2,"minecraft:glass":41,"galosphere:smooth_allurite_slab":11,"minecraft:bow":1,"minecraft:wheat_seeds":1319,"minecraft:raw_gold":16,"fishofthieves:earthworms":118,"galosphere:raw_silver":16,"minecraft:moss_block":70,"epicsamurai:raw_silver":8,"minecraft:oak_planks":85,"minecraft:black_terracotta":2,"fishofthieves:pondie":4,"minecraft:birch_fence_gate":2,"minecraft:jungle_planks":66,"minecraft:sand":1761,"minecraft:ink_sac":12,"minecraft:lily_of_the_valley":4,"minecraft:dark_oak_log":320,"alexsmobs:animal_dictionary":2,"epicsamurai:iron_samurai_boots":1,"minecraft:yellow_carpet":1,"minecraft:diamond":14,"minecraft:lever":6,"muffins_thaidelight:lime":10,"epicsamurai:jorogumo_eye":1,"minecraft:granite":129,"epicsamurai:red_samurai_helmet":1,"minecraft:bread":21,"minecraft:emerald":3,"epicsamurai:ruby":8,"minecraft:oak_sapling":25,"minecraft:light_gray_carpet":14,"minecraft:dark_oak_fence":40,"minecraft:light_blue_candle":2,"minecraft:diamond_pickaxe":1,"minecraft:allium":3,"minecraft:crafting_table":20,"minecraft:azure_bluet":1,"minecraft:chicken":4,"minecraft:ladder":8,"minecraft:clay_ball":320,"epicsamurai:iron_samurai_leggings":1,"galosphere:smooth_allurite_stairs":6,"minecraft:wooden_pickaxe":3,"minecraft:stone_brick_wall":8,"gravestone:obituary":6,"betterfurnacesreforged:copper_furnace":1,"minecraft:cornflower":3,"minecraft:moss_carpet":18,"minecraft:iron_axe":5,"minecraft:flint_and_steel":1,"miners_delight:cave_carrot":8,"epicsamurai:jade":4,"minecraft:white_carpet":2,"minecraft:birch_fence":83,"minecraft:blue_orchid":3,"minecraft:cyan_carpet":2,"travelersbackpack:pig":3,"minecraft:candle":2,"minecraft:oak_boat":3,"minecraft:poppy":1,"minecraft:sugar_cane":6,"minecraft:chest":21,"minecraft:birch_sapling":4,"minecraft:egg":2,"minecraft:dark_oak_sapling":32,"minecraft:raw_iron":91,"minecraft:stone":37,"minecraft:carrot":1,"minecraft:blue_carpet":4,"minecraft:dark_oak_planks":754,"minecraft:tnt":4,"minecraft:arrow":14,"minecraft:stone_shovel":5,"alexscaves:spelunkery_table":1,"minecraft:pink_tulip":3,"epicsamurai:red_samurai_leggings":1,"minecraft:glow_berries":7,"minecraft:rail":4,"minecraft:dark_oak_button":1,"minecraft:red_mushroom":22,"minecraft:filled_map":4,"minecraft:birch_planks":489,"ironchests:copper_chest":1,"fishofthieves:grubs":88,"minecraft:oak_log":59,"minecraft:gunpowder":1,"minecraft:cobblestone_wall":214,"minecraft:cobblestone_stairs":169,"minecraft:white_banner":3,"minecraft:birch_pressure_plate":2,"minecraft:stone_bricks":17,"minecraft:apple":7,"minecraft:gray_carpet":4,"minecraft:kelp":60,"minecraft:iron_ingot":1,"minecraft:stone_pickaxe":3,"minecraft:cobweb":2,"minecraft:iron_sword":1,"epicsamurai:aquamarine":10,"minecraft:dark_oak_stairs":25,"minecraft:flowering_azalea":1,"minecraft:book":51,"epicsamurai:onyx":17,"minecraft:oak_slab":9,"minecraft:dark_oak_slab":14,"minecraft:stone_brick_slab":16,"muffins_thaidelight:lime_sapling":3,"minecraft:gravel":19,"minecraft:birch_stairs":8,"minecraft:white_bed":6,"minecraft:dark_oak_fence_gate":2,"minecraft:green_carpet":3,"minecraft:leather_helmet":1,"fishofthieves:fish_bone":2,"travelersbackpack:standard":1,"ironchests:iron_chest":1,"epicsamurai:iron_samurai_helmet":1,"minecraft:stone_axe":2,"ironchests:gold_chest":2,"minecraft:iron_helmet":1,"minecraft:hopper":1,"minecraft:coal":193,"minecraft:ender_pearl":1},"minecraft:killed_by":{"minecraft:creeper":1,"creeperoverhaul:dark_oak_creeper":1,"creeperoverhaul:dripstone_creeper":2,"alexsmobs:centipede_head":1,"minecraft:skeleton":3}},"DataVersion":3465}