{"stats":{"minecraft:killed":{"endermanoverhaul:dark_oak_enderman":1,"minecraft:skeleton":5,"fishofthieves:wildsplash":1,"minecraft:chicken":5,"minecraft:axolotl":1,"minecraft:tropical_fish":9,"minecraft:pig":1,"epicsamurai:jorogumo":1,"minecraft:pillager":1,"minecraft:zombie":4,"tinyskeletons:baby_skeleton":1,"illagerinvasion:marauder":6,"minecraft:squid":1,"alexsmobs:crow":1},"minecraft:broken":{"minecraft:iron_shovel":2,"minecraft:stone_axe":2,"minecraft:wooden_axe":1,"minecraft:stone_shovel":1,"minecraft:iron_axe":4,"minecraft:iron_pickaxe":4},"minecraft:picked_up":{"minecraft:black_carpet":2,"farmersdelight:cabbage_rolls":4,"minecraft:wheat":161,"illagerinvasion:platinum_chunk":2,"minecraft:flower_pot":1,"minecraft:string":2,"minecraft:raw_copper":3,"epicsamurai:iron_samurai_chestplate":1,"minecraft:oak_sign":2,"illagerinvasion:platinum_infused_hatchet":1,"minecraft:cobbled_deepslate":214,"minecraft:bucket":1,"minecraft:cobblestone_slab":65,"minecraft:azalea":1,"minecraft:iron_pickaxe":1,"fishofthieves:cooked_pondie":8,"minecraft:furnace":6,"minecraft:stick":34,"minecraft:jungle_door":3,"minecraft:oak_fence":4,"minecraft:torch":69,"crabbersdelight:cooked_tropical_fish":5,"minecraft:diorite":15,"minecraft:stone_sword":2,"minecraft:tropical_fish":12,"epicsamurai:red_samurai_boots":1,"minecraft:obsidian":28,"minecraft:iron_bars":6,"minecraft:cobblestone":801,"minecraft:birch_log":8,"minecraft:magma_block":2,"minecraft:feather":4,"minecraft:lilac":2,"minecraft:iron_door":8,"minecraft:birch_slab":32,"minecraft:andesite":55,"epicsamurai:red_samurai_chestplate":1,"minecraft:flint":1,"minecraft:tuff":64,"galosphere:smooth_allurite":14,"fishofthieves:wildsplash":2,"minecraft:lapis_lazuli":91,"minecraft:dirt":528,"minecraft:lantern":2,"minecraft:glass":41,"galosphere:smooth_allurite_slab":4,"minecraft:wheat_seeds":440,"minecraft:raw_gold":9,"fishofthieves:earthworms":112,"galosphere:raw_silver":16,"minecraft:moss_block":3,"minecraft:oak_planks":74,"minecraft:black_terracotta":2,"minecraft:jungle_planks":66,"fishofthieves:pondie":4,"minecraft:birch_fence_gate":2,"minecraft:sand":1748,"minecraft:ink_sac":12,"minecraft:lily_of_the_valley":4,"minecraft:dark_oak_log":318,"alexsmobs:animal_dictionary":2,"epicsamurai:iron_samurai_boots":1,"minecraft:yellow_carpet":1,"minecraft:diamond":3,"minecraft:lever":6,"muffins_thaidelight:lime":10,"epicsamurai:jorogumo_eye":1,"minecraft:granite":6,"epicsamurai:red_samurai_helmet":1,"minecraft:bread":21,"minecraft:emerald":3,"minecraft:oak_sapling":25,"epicsamurai:ruby":8,"minecraft:light_gray_carpet":14,"minecraft:dark_oak_fence":40,"minecraft:light_blue_candle":2,"minecraft:diamond_pickaxe":1,"minecraft:allium":3,"minecraft:crafting_table":9,"minecraft:azure_bluet":1,"minecraft:chicken":4,"minecraft:ladder":8,"minecraft:clay_ball":57,"epicsamurai:iron_samurai_leggings":1,"galosphere:smooth_allurite_stairs":4,"minecraft:wooden_pickaxe":2,"minecraft:stone_brick_wall":8,"gravestone:obituary":4,"betterfurnacesreforged:copper_furnace":1,"minecraft:cornflower":3,"minecraft:moss_carpet":7,"minecraft:iron_axe":4,"minecraft:white_carpet":2,"minecraft:birch_fence":55,"minecraft:blue_orchid":3,"minecraft:cyan_carpet":2,"travelersbackpack:pig":1,"minecraft:candle":2,"minecraft:oak_boat":3,"minecraft:poppy":1,"minecraft:sugar_cane":3,"minecraft:chest":14,"minecraft:birch_sapling":4,"minecraft:egg":2,"minecraft:dark_oak_sapling":32,"minecraft:raw_iron":38,"minecraft:stone":37,"minecraft:blue_carpet":4,"minecraft:dark_oak_planks":716,"minecraft:arrow":7,"minecraft:stone_shovel":5,"minecraft:pink_tulip":3,"epicsamurai:red_samurai_leggings":1,"minecraft:glow_berries":5,"minecraft:red_mushroom":22,"minecraft:birch_planks":311,"fishofthieves:grubs":88,"minecraft:oak_log":59,"minecraft:cobblestone_wall":214,"minecraft:cobblestone_stairs":169,"minecraft:white_banner":3,"minecraft:birch_pressure_plate":2,"minecraft:stone_bricks":11,"minecraft:apple":7,"minecraft:gray_carpet":4,"minecraft:stone_pickaxe":2,"minecraft:cobweb":2,"epicsamurai:aquamarine":10,"minecraft:dark_oak_stairs":17,"minecraft:flowering_azalea":1,"minecraft:book":51,"epicsamurai:onyx":11,"minecraft:oak_slab":9,"minecraft:dark_oak_slab":14,"minecraft:stone_brick_slab":13,"muffins_thaidelight:lime_sapling":3,"minecraft:gravel":4,"minecraft:birch_stairs":8,"minecraft:white_bed":4,"minecraft:dark_oak_fence_gate":2,"minecraft:green_carpet":3,"minecraft:leather_helmet":1,"fishofthieves:fish_bone":2,"travelersbackpack:standard":1,"epicsamurai:iron_samurai_helmet":1,"minecraft:stone_axe":2,"minecraft:coal":93,"minecraft:ender_pearl":1},"minecraft:custom":{"minecraft:interact_with_crafting_table":76,"minecraft:leave_game":6,"minecraft:time_since_death":258130,"minecraft:sprint_one_cm":808778,"minecraft:damage_blocked_by_shield":1252,"minecraft:drop":89,"minecraft:play_time":450369,"minecraft:deaths":4,"minecraft:jump":4649,"minecraft:interact_with_brewingstand":1,"minecraft:walk_on_water_one_cm":92050,"minecraft:interact_with_furnace":90,"minecraft:sleep_in_bed":9,"minecraft:damage_dealt":6070,"minecraft:crouch_one_cm":61237,"minecraft:mob_kills":39,"minecraft:climb_one_cm":27960,"minecraft:walk_one_cm":1325580,"minecraft:sneak_time":22677,"minecraft:walk_under_water_one_cm":67113,"minecraft:interact_with_blast_furnace":3,"minecraft:total_world_time":450369,"minecraft:time_since_rest":3542,"minecraft:damage_taken":3704,"minecraft:swim_one_cm":143840,"minecraft:fly_one_cm":784993,"minecraft:open_chest":290,"minecraft:fall_one_cm":78156},"minecraft:dropped":{"minecraft:moss_block":3,"minecraft:birch_planks":8,"minecraft:crafting_table":1,"travelersbackpack:standard":1,"minecraft:dirt":7,"minecraft:birch_fence":69,"epicsamurai:red_samurai_leggings":1,"epicsamurai:red_samurai_chestplate":1,"gravestone:obituary":1,"minecraft:sand":986,"epicsamurai:red_samurai_helmet":1,"minecraft:dark_oak_planks":394,"minecraft:black_terracotta":2,"minecraft:light_gray_carpet":3,"minecraft:birch_fence_gate":2,"minecraft:azalea":1,"minecraft:glass":43,"fishofthieves:cooked_pondie":4,"minecraft:light_blue_candle":2,"minecraft:wheat_seeds":1,"crabbersdelight:cooked_tropical_fish":5,"minecraft:cobblestone":10,"minecraft:granite":4,"minecraft:coal":21,"minecraft:stick":8,"illagerinvasion:platinum_chunk":1,"minecraft:diorite":11,"minecraft:ink_sac":2,"minecraft:torch":6,"minecraft:iron_door":2,"epicsamurai:jorogumo_eye":1,"minecraft:iron_axe":5,"minecraft:bucket":1,"minecraft:moss_carpet":7,"minecraft:raw_copper":3,"epicsamurai:red_samurai_boots":1,"minecraft:stone_shovel":1,"minecraft:stone":1,"fishofthieves:earthworms":50,"minecraft:diamond_pickaxe":1,"minecraft:andesite":6},"minecraft:mined":{"minecraft:dark_oak_planks":574,"minecraft:blue_carpet":4,"minecraft:white_bed":5,"minecraft:black_terracotta":2,"minecraft:cobblestone_stairs":87,"minecraft:obsidian":28,"minecraft:cave_vines_plant":4,"minecraft:granite":6,"minecraft:grass_block":86,"minecraft:stone_brick_wall":8,"minecraft:yellow_carpet":1,"galosphere:smooth_allurite_stairs":4,"minecraft:oak_wall_sign":1,"minecraft:magma_block":2,"minecraft:iron_ore":37,"minecraft:cobbled_deepslate":2,"minecraft:fire":1,"minecraft:moss_carpet":1,"minecraft:black_carpet":2,"minecraft:deepslate_lapis_ore":2,"minecraft:dark_oak_stairs":16,"minecraft:cave_vines":7,"minecraft:oak_stairs":1,"minecraft:iron_bars":2,"minecraft:green_carpet":3,"minecraft:azalea":1,"minecraft:deepslate_redstone_ore":1,"minecraft:jungle_door":3,"galosphere:smooth_allurite_slab":4,"minecraft:clay":21,"minecraft:torch":4,"minecraft:poppy":2,"minecraft:chest":14,"galosphere:silver_ore":12,"minecraft:glass":30,"minecraft:cobblestone":201,"betterfurnacesreforged:copper_furnace":1,"minecraft:sugar_cane":1,"minecraft:oak_planks":33,"minecraft:iron_door":2,"minecraft:wall_torch":5,"minecraft:dark_oak_slab":13,"minecraft:birch_log":6,"minecraft:wheat":170,"minecraft:lilac":8,"minecraft:grass":26,"minecraft:oak_log":57,"galosphere:smooth_allurite":15,"minecraft:sand":664,"minecraft:dirt":143,"minecraft:netherrack":1,"minecraft:oak_leaves":2,"minecraft:deepslate":159,"minecraft:diamond_ore":3,"minecraft:tuff":28,"minecraft:dark_oak_leaves":11,"minecraft:candle":1,"minecraft:dark_oak_log":454,"minecraft:ladder":1,"gravestone:gravestone":4,"minecraft:dark_oak_fence":20,"minecraft:birch_slab":13,"minecraft:moss_block":9,"epicsamurai:onyx_ore":6,"minecraft:furnace":6,"minecraft:dark_oak_fence_gate":2,"minecraft:andesite":61,"minecraft:bookshelf":17,"minecraft:cobblestone_slab":29,"minecraft:deepslate_iron_ore":3,"minecraft:lantern":1,"minecraft:stone":529,"minecraft:birch_pressure_plate":2,"muffins_thaidelight:lime_bush":4,"minecraft:oak_slab":7,"minecraft:birch_stairs":8,"minecraft:light_gray_carpet":16,"minecraft:glass_pane":14,"minecraft:lily_of_the_valley":3,"minecraft:potted_lily_of_the_valley":1,"minecraft:stone_brick_slab":13,"galosphere:deepslate_silver_ore":2,"minecraft:dandelion":1,"epicsamurai:deepslate_aquamarine_ore":10,"minecraft:oak_fence":4,"minecraft:crafting_table":5,"minecraft:tall_grass":2,"minecraft:copper_ore":1,"minecraft:deepslate_gold_ore":2,"minecraft:lapis_ore":13,"minecraft:diorite":18,"minecraft:big_dripleaf":1,"minecraft:birch_planks":154,"minecraft:cobblestone_wall":100,"minecraft:white_carpet":2,"minecraft:yellow_bed":1,"minecraft:coal_ore":69,"minecraft:gravel":7,"minecraft:cyan_carpet":2,"minecraft:gray_carpet":4,"minecraft:cracked_stone_bricks":1,"minecraft:mossy_stone_bricks":1,"minecraft:gold_ore":7,"minecraft:birch_fence":46,"epicsamurai:ruby_ore":8},"minecraft:used":{"fishofthieves:cooked_wildsplash":2,"minecraft:iron_shovel":688,"crabbersdelight:cooked_tropical_fish":9,"farmersdelight:cabbage_rolls":4,"minecraft:ladder":5,"minecraft:chest":20,"minecraft:shield":14,"minecraft:stone":8,"minecraft:iron_sword":42,"minecraft:birch_pressure_plate":2,"travelersbackpack:pig":4,"minecraft:tuff":10,"minecraft:axolotl_bucket":1,"minecraft:obsidian":24,"minecraft:glass":137,"minecraft:lava_bucket":16,"minecraft:lantern":2,"minecraft:dark_oak_slab":26,"fishofthieves:cooked_pondie":11,"minecraft:furnace":5,"minecraft:egg":2,"minecraft:dark_oak_stairs":17,"minecraft:stone_pickaxe":37,"minecraft:oak_planks":30,"minecraft:ender_pearl":1,"minecraft:wooden_pickaxe":4,"minecraft:glow_berries":10,"minecraft:sand":3,"minecraft:stone_brick_wall":32,"minecraft:birch_fence":65,"minecraft:black_terracotta":2,"galosphere:smooth_allurite_slab":35,"minecraft:dark_oak_log":49,"minecraft:birch_slab":26,"minecraft:bread":36,"minecraft:gravel":4,"minecraft:lilac":2,"minecraft:wooden_sword":5,"minecraft:dark_oak_fence":11,"minecraft:andesite":32,"minecraft:oak_boat":1,"minecraft:cobweb":2,"muffins_thaidelight:lime":10,"minecraft:oak_fence":4,"minecraft:tropical_fish":3,"minecraft:flint_and_steel":2,"minecraft:stone_shovel":154,"minecraft:cooked_chicken":2,"minecraft:stone_hoe":2,"minecraft:torch":50,"fishofthieves:earthworms":9,"minecraft:dirt":43,"minecraft:cobblestone_wall":1,"minecraft:yellow_carpet":1,"minecraft:granite":2,"betterfurnacesreforged:copper_furnace":1,"minecraft:stone_brick_slab":53,"minecraft:dark_oak_planks":2248,"minecraft:wooden_axe":60,"minecraft:flowering_azalea":1,"minecraft:iron_axe":1178,"galosphere:smooth_allurite":118,"minecraft:cobbled_deepslate":99,"minecraft:wheat_seeds":171,"minecraft:water_bucket":35,"minecraft:cobblestone_stairs":20,"minecraft:birch_planks":108,"galosphere:smooth_allurite_stairs":24,"minecraft:oak_slab":1,"minecraft:crafting_table":7,"minecraft:white_bed":4,"minecraft:dark_oak_fence_gate":3,"minecraft:dark_oak_door":9,"minecraft:oak_log":3,"minecraft:diamond_pickaxe":399,"minecraft:apple":8,"fishofthieves:grubs":1,"minecraft:chicken":2,"minecraft:iron_pickaxe":1128,"minecraft:stone_axe":352,"minecraft:blue_carpet":4,"minecraft:green_carpet":3,"minecraft:cobblestone":104,"illagerinvasion:platinum_infused_hatchet":5,"travelersbackpack:standard":3,"minecraft:jungle_door":5,"minecraft:bucket":53,"minecraft:birch_stairs":35},"minecraft:killed_by":{"creeperoverhaul:dark_oak_creeper":1,"minecraft:skeleton":2},"minecraft:crafted":{"minecraft:oak_planks":284,"minecraft:cooked_chicken":2,"minecraft:stone":62,"minecraft:cobblestone_stairs":4,"minecraft:glass":139,"minecraft:dark_oak_door":9,"minecraft:stone_brick_slab":42,"minecraft:iron_boots":1,"minecraft:chest":6,"minecraft:oak_fence":36,"minecraft:stone_bricks":56,"galosphere:smooth_allurite_slab":42,"minecraft:crafting_table":5,"expanded_combat:iron_broad_sword":1,"minecraft:iron_helmet":1,"minecraft:wooden_pickaxe":1,"galosphere:smooth_allurite":192,"fishofthieves:cooked_pondie":9,"minecraft:birch_planks":352,"minecraft:dark_oak_slab":24,"minecraft:iron_chestplate":1,"minecraft:diamond_pickaxe":1,"minecraft:shield":1,"minecraft:birch_fence":81,"minecraft:stick":172,"minecraft:iron_ingot":12,"minecraft:iron_pickaxe":6,"minecraft:iron_block":2,"minecraft:dark_oak_fence_gate":1,"minecraft:birch_stairs":28,"minecraft:wooden_sword":1,"minecraft:stone_brick_wall":24,"galosphere:smooth_allurite_stairs":20,"minecraft:flint_and_steel":1,"minecraft:dark_oak_fence":27,"minecraft:iron_axe":6,"minecraft:ladder":9,"minecraft:stone_pickaxe":1,"minecraft:dark_oak_planks":2841,"fishofthieves:cooked_wildsplash":2,"minecraft:dark_oak_stairs":12,"minecraft:iron_sword":1,"minecraft:bucket":1,"minecraft:stone_axe":3,"minecraft:bread":53,"minecraft:air":0,"crabbersdelight:cooked_tropical_fish":9,"minecraft:oak_boat":1,"minecraft:jungle_door":3,"minecraft:wooden_axe":1,"minecraft:iron_shovel":4,"minecraft:iron_leggings":1,"minecraft:torch":68}},"DataVersion":3465}