{"stats":{"minecraft:mined":{"minecraft:lily_of_the_valley":3,"minecraft:crafting_table":1,"minecraft:torch":1,"minecraft:grass":6,"minecraft:oak_log":53,"minecraft:coal_ore":21,"minecraft:stone":17,"minecraft:oak_leaves":1,"minecraft:wall_torch":1},"minecraft:picked_up":{"minecraft:stick":8,"minecraft:crafting_table":1,"minecraft:feather":4,"minecraft:chicken":4,"minecraft:torch":2,"minecraft:oak_log":53,"minecraft:lily_of_the_valley":3,"minecraft:apple":2,"minecraft:wheat_seeds":1,"minecraft:oak_sapling":18,"minecraft:coal":21,"minecraft:cobblestone":17,"minecraft:egg":1},"minecraft:crafted":{"minecraft:wooden_sword":1,"minecraft:oak_planks":212,"minecraft:crafting_table":1,"minecraft:stick":8,"minecraft:wooden_pickaxe":1,"minecraft:stone_pickaxe":1,"minecraft:wooden_axe":1},"minecraft:used":{"minecraft:wooden_axe":60,"minecraft:apple":2,"minecraft:stone_pickaxe":36,"minecraft:oak_planks":10,"minecraft:wooden_pickaxe":4,"minecraft:wooden_sword":3,"minecraft:crafting_table":1,"minecraft:egg":1},"minecraft:custom":{"minecraft:time_since_rest":11472,"minecraft:sprint_one_cm":22841,"minecraft:damage_taken":30,"minecraft:walk_one_cm":15114,"minecraft:mob_kills":6,"minecraft:damage_dealt":300,"minecraft:interact_with_crafting_table":2,"minecraft:fly_one_cm":21498,"minecraft:open_chest":1,"minecraft:crouch_one_cm":897,"minecraft:play_time":11472,"minecraft:sneak_time":560,"minecraft:walk_under_water_one_cm":13,"minecraft:jump":141,"minecraft:leave_game":2,"minecraft:walk_on_water_one_cm":5413,"minecraft:time_since_death":11472,"minecraft:total_world_time":11472,"minecraft:fall_one_cm":3317},"minecraft:broken":{"minecraft:wooden_axe":1},"minecraft:killed":{"minecraft:pig":1,"minecraft:chicken":5}},"DataVersion":3465}