{
  "repurposed_structures:root": {
    "criteria": {
      "always": "2024-05-23 00:29:40 +0000"
    },
    "done": true
  },
  "minecraft:recipes/decorations/crafting_table": {
    "criteria": {
      "unlock_right_away": "2024-05-23 00:29:40 +0000"
    },
    "done": true
  },
  "muffins_thaidelight:root": {
    "criteria": {
      "seeds": "2024-05-23 00:29:40 +0000"
    },
    "done": true
  },
  "betterdeserttemples:root": {
    "criteria": {
      "always": "2024-05-23 00:29:40 +0000"
    },
    "done": true
  },
  "cataclysm:root": {
    "criteria": {
      "custom_test_name": "2024-05-23 00:29:40 +0000"
    },
    "done": true
  },
  "silentsdelight:main/root": {
    "criteria": {
      "sculk": "2024-05-23 00:29:40 +0000"
    },
    "done": true
  },
  "crabbersdelight:main/root": {
    "criteria": {
      "seeds": "2024-05-23 00:29:40 +0000"
    },
    "done": true
  },
  "farmersdelight:main/root": {
    "criteria": {
      "seeds": "2024-05-23 00:29:40 +0000"
    },
    "done": true
  },
  "betterdungeons:root": {
    "criteria": {
      "always": "2024-05-23 00:29:40 +0000"
    },
    "done": true
  },
  "minecraft:adventure/adventuring_time": {
    "criteria": {
      "minecraft:snowy_slopes": "2024-05-23 23:38:25 +0000",
      "minecraft:cherry_grove": "2024-05-23 21:23:31 +0000",
      "minecraft:beach": "2024-05-23 00:31:02 +0000",
      "minecraft:river": "2024-05-23 00:31:38 +0000",
      "minecraft:forest": "2024-05-23 00:30:14 +0000",
      "minecraft:ocean": "2024-05-23 00:31:11 +0000",
      "minecraft:meadow": "2024-05-23 00:33:30 +0000",
      "minecraft:plains": "2024-05-23 00:29:41 +0000"
    },
    "done": false
  },
  "minecraft:recipes/misc/charcoal": {
    "criteria": {
      "has_log": "2024-05-23 00:30:18 +0000"
    },
    "done": true
  },
  "minecraft:recipes/building_blocks/oak_planks": {
    "criteria": {
      "has_logs": "2024-05-23 00:30:18 +0000"
    },
    "done": true
  },
  "furnish:recipes/furniture_workbench": {
    "criteria": {
      "has_logs": "2024-05-23 00:30:18 +0000"
    },
    "done": true
  },
  "minecraft:recipes/building_blocks/oak_wood": {
    "criteria": {
      "has_log": "2024-05-23 00:30:18 +0000"
    },
    "done": true
  },
  "expanded_combat:recipes/combat/oak_plank_glaive_conditional_shaped": {
    "criteria": {
      "has_item": "2024-05-23 00:30:44 +0000"
    },
    "done": true
  },
  "minecraft:recipes/decorations/oak_sign": {
    "criteria": {
      "has_planks": "2024-05-23 00:30:44 +0000"
    },
    "done": true
  },
  "minecraft:recipes/redstone/oak_trapdoor": {
    "criteria": {
      "has_planks": "2024-05-23 00:30:44 +0000"
    },
    "done": true
  },
  "expanded_combat:recipes/combat/oak_plank_katana_conditional_shaped": {
    "criteria": {
      "has_item": "2024-05-23 00:30:44 +0000"
    },
    "done": true
  },
  "minecraft:recipes/misc/stick": {
    "criteria": {
      "has_planks": "2024-05-23 00:30:44 +0000"
    },
    "done": true
  },
  "expanded_combat:recipes/combat/oak_plank_cutlass_conditional_shaped": {
    "criteria": {
      "has_item": "2024-05-23 00:30:44 +0000"
    },
    "done": true
  },
  "minecraft:recipes/building_blocks/oak_stairs": {
    "criteria": {
      "has_planks": "2024-05-23 00:30:44 +0000"
    },
    "done": true
  },
  "minecraft:recipes/decorations/oak_fence": {
    "criteria": {
      "has_planks": "2024-05-23 00:30:44 +0000"
    },
    "done": true
  },
  "expanded_combat:recipes/combat/oak_plank_battle_staff_conditional_shaped": {
    "criteria": {
      "has_item": "2024-05-23 00:30:44 +0000"
    },
    "done": true
  },
  "expanded_combat:recipes/combat/oak_plank_claymore_conditional_shaped": {
    "criteria": {
      "has_item": "2024-05-23 00:30:44 +0000"
    },
    "done": true
  },
  "expanded_combat:recipes/combat/oak_plank_dagger_conditional_shaped": {
    "criteria": {
      "has_item": "2024-05-23 00:30:44 +0000"
    },
    "done": true
  },
  "minecraft:recipes/redstone/oak_button": {
    "criteria": {
      "has_planks": "2024-05-23 00:30:44 +0000"
    },
    "done": true
  },
  "expanded_combat:recipes/combat/oak_plank_mace_conditional_shaped": {
    "criteria": {
      "has_item": "2024-05-23 00:30:44 +0000"
    },
    "done": true
  },
  "minecraft:recipes/building_blocks/oak_slab": {
    "criteria": {
      "has_planks": "2024-05-23 00:30:44 +0000"
    },
    "done": true
  },
  "expanded_combat:recipes/combat/oak_plank_great_hammer_conditional_shaped": {
    "criteria": {
      "has_item": "2024-05-23 00:30:44 +0000"
    },
    "done": true
  },
  "minecraft:recipes/redstone/oak_fence_gate": {
    "criteria": {
      "has_planks": "2024-05-23 00:30:44 +0000"
    },
    "done": true
  },
  "expanded_combat:recipes/combat/oak_plank_scythe_conditional_shaped": {
    "criteria": {
      "has_item": "2024-05-23 00:30:44 +0000"
    },
    "done": true
  },
  "minecraft:recipes/redstone/oak_pressure_plate": {
    "criteria": {
      "has_planks": "2024-05-23 00:30:44 +0000"
    },
    "done": true
  },
  "expanded_combat:recipes/combat/oak_plank_flail_conditional_shaped": {
    "criteria": {
      "has_item": "2024-05-23 00:30:44 +0000"
    },
    "done": true
  },
  "minecraft:recipes/redstone/oak_door": {
    "criteria": {
      "has_planks": "2024-05-23 00:30:44 +0000"
    },
    "done": true
  },
  "minecraft:recipes/decorations/barrel": {
    "criteria": {
      "has_planks": "2024-05-23 00:30:44 +0000"
    },
    "done": true
  },
  "expanded_combat:recipes/combat/oak_plank_broad_sword_conditional_shaped": {
    "criteria": {
      "has_item": "2024-05-23 00:30:44 +0000"
    },
    "done": true
  },
  "expanded_combat:recipes/combat/oak_plank_spear_conditional_shaped": {
    "criteria": {
      "has_item": "2024-05-23 00:30:44 +0000"
    },
    "done": true
  },
  "expanded_combat:recipes/combat/oak_plank_sickle_conditional_shaped": {
    "criteria": {
      "has_item": "2024-05-23 00:30:44 +0000"
    },
    "done": true
  },
  "expanded_combat:recipes/combat/oak_plank_dancer_s_sword_conditional_shaped": {
    "criteria": {
      "has_item": "2024-05-23 00:30:44 +0000"
    },
    "done": true
  },
  "travelersbackpack:recipes/misc/crafting_upgrade": {
    "criteria": {
      "has_crafting_table": "2024-05-23 00:30:50 +0000"
    },
    "done": true
  },
  "expanded_combat:root": {
    "criteria": {
      "crafting_table": "2024-05-23 00:30:50 +0000"
    },
    "done": true
  },
  "minecraft:story/root": {
    "criteria": {
      "crafting_table": "2024-05-23 00:30:50 +0000"
    },
    "done": true
  },
  "minecraft:recipes/transportation/oak_boat": {
    "criteria": {
      "has_the_recipe": "2024-05-23 00:30:58 +0000"
    },
    "done": true
  },
  "minecraft:recipes/transportation/spruce_chest_boat": {
    "criteria": {
      "has_boat": "2024-05-23 00:30:59 +0000"
    },
    "done": true
  },
  "minecraft:recipes/transportation/jungle_chest_boat": {
    "criteria": {
      "has_boat": "2024-05-23 00:30:59 +0000"
    },
    "done": true
  },
  "minecraft:recipes/transportation/acacia_chest_boat": {
    "criteria": {
      "has_boat": "2024-05-23 00:30:59 +0000"
    },
    "done": true
  },
  "minecraft:recipes/transportation/mangrove_chest_boat": {
    "criteria": {
      "has_boat": "2024-05-23 00:30:59 +0000"
    },
    "done": true
  },
  "minecraft:recipes/transportation/oak_chest_boat": {
    "criteria": {
      "has_boat": "2024-05-23 00:30:59 +0000"
    },
    "done": true
  },
  "minecraft:recipes/transportation/cherry_chest_boat": {
    "criteria": {
      "has_boat": "2024-05-23 00:30:59 +0000"
    },
    "done": true
  },
  "minecraft:recipes/transportation/birch_chest_boat": {
    "criteria": {
      "has_boat": "2024-05-23 00:30:59 +0000"
    },
    "done": true
  },
  "minecraft:recipes/transportation/dark_oak_chest_boat": {
    "criteria": {
      "has_boat": "2024-05-23 00:30:59 +0000"
    },
    "done": true
  },
  "minecraft:recipes/transportation/bamboo_chest_raft": {
    "criteria": {
      "has_boat": "2024-05-23 00:30:59 +0000"
    },
    "done": true
  },
  "minecraft:recipes/transportation/cherry_boat": {
    "criteria": {
      "in_water": "2024-05-23 00:31:03 +0000"
    },
    "done": true
  },
  "minecraft:recipes/transportation/bamboo_raft": {
    "criteria": {
      "in_water": "2024-05-23 00:31:03 +0000"
    },
    "done": true
  },
  "minecraft:recipes/transportation/spruce_boat": {
    "criteria": {
      "in_water": "2024-05-23 00:31:03 +0000"
    },
    "done": true
  },
  "minecraft:recipes/transportation/birch_boat": {
    "criteria": {
      "in_water": "2024-05-23 00:31:03 +0000"
    },
    "done": true
  },
  "minecraft:recipes/transportation/mangrove_boat": {
    "criteria": {
      "in_water": "2024-05-23 00:31:03 +0000"
    },
    "done": true
  },
  "minecraft:recipes/transportation/acacia_boat": {
    "criteria": {
      "in_water": "2024-05-23 00:31:03 +0000"
    },
    "done": true
  },
  "minecraft:recipes/transportation/jungle_boat": {
    "criteria": {
      "in_water": "2024-05-23 00:31:03 +0000"
    },
    "done": true
  },
  "minecraft:recipes/transportation/dark_oak_boat": {
    "criteria": {
      "in_water": "2024-05-23 00:31:03 +0000"
    },
    "done": true
  },
  "fishofthieves:root": {
    "criteria": {
      "in_water": "2024-05-23 00:31:04 +0000"
    },
    "done": true
  },
  "minecraft:recipes/combat/iron_leggings": {
    "criteria": {
      "has_iron_ingot": "2024-05-23 00:33:48 +0000"
    },
    "done": true
  },
  "expanded_combat:recipes/combat/iron_cutlass_conditional_shaped": {
    "criteria": {
      "has_item": "2024-05-23 00:33:48 +0000"
    },
    "done": true
  },
  "expanded_combat:recipes/combat/iron_battle_staff_conditional_shaped": {
    "criteria": {
      "has_item": "2024-05-23 00:33:48 +0000"
    },
    "done": true
  },
  "expanded_combat:recipes/combat/iron_bow_conditional_shaped_skip": {
    "criteria": {
      "has_item": "2024-05-23 00:33:48 +0000"
    },
    "done": true
  },
  "minecraft:recipes/combat/iron_chestplate": {
    "criteria": {
      "has_iron_ingot": "2024-05-23 00:33:48 +0000"
    },
    "done": true
  },
  "expanded_combat:recipes/combat/iron_arrow_conditional_shaped": {
    "criteria": {
      "has_item": "2024-05-23 00:33:48 +0000"
    },
    "done": true
  },
  "travelersbackpack:recipes/misc/backpack_tank": {
    "criteria": {
      "has_iron": "2024-05-23 00:33:48 +0000"
    },
    "done": true
  },
  "expanded_combat:recipes/combat/iron_glaive_conditional_shaped": {
    "criteria": {
      "has_item": "2024-05-23 00:33:48 +0000"
    },
    "done": true
  },
  "expanded_combat:recipes/combat/iron_bow_conditional_120_smithing": {
    "criteria": {
      "has_item": "2024-05-23 00:33:48 +0000"
    },
    "done": true
  },
  "minecraft:recipes/misc/iron_nugget": {
    "criteria": {
      "has_iron_ingot": "2024-05-23 00:33:48 +0000"
    },
    "done": true
  },
  "minecraft:recipes/misc/bucket": {
    "criteria": {
      "has_iron_ingot": "2024-05-23 00:33:48 +0000"
    },
    "done": true
  },
  "minecraft:recipes/combat/iron_helmet": {
    "criteria": {
      "has_iron_ingot": "2024-05-23 00:33:48 +0000"
    },
    "done": true
  },
  "minecraft:recipes/transportation/minecart": {
    "criteria": {
      "has_iron_ingot": "2024-05-23 00:33:48 +0000"
    },
    "done": true
  },
  "minecraft:recipes/tools/iron_hoe": {
    "criteria": {
      "has_iron_ingot": "2024-05-23 00:33:48 +0000"
    },
    "done": true
  },
  "expanded_combat:recipes/combat/half_iron_bow_conditional_shaped": {
    "criteria": {
      "has_item": "2024-05-23 00:33:48 +0000"
    },
    "done": true
  },
  "galosphere:recipes/decorations/chandelier": {
    "criteria": {
      "has_iron_nugget": "2024-05-23 00:33:48 +0000"
    },
    "done": true
  },
  "expanded_combat:recipes/combat/iron_dagger_conditional_shaped": {
    "criteria": {
      "has_item": "2024-05-23 00:33:48 +0000"
    },
    "done": true
  },
  "expanded_combat:recipes/combat/iron_dancer_s_sword_conditional_shaped": {
    "criteria": {
      "has_item": "2024-05-23 00:33:48 +0000"
    },
    "done": true
  },
  "nethersdelight:recipes/decorations/blackstone_blast_furnace": {
    "criteria": {
      "has_iron": "2024-05-23 00:33:48 +0000"
    },
    "done": true
  },
  "minecraft:story/smelt_iron": {
    "criteria": {
      "iron": "2024-05-23 00:33:48 +0000"
    },
    "done": true
  },
  "expanded_combat:recipes/combat/iron_sickle_conditional_shaped": {
    "criteria": {
      "has_item": "2024-05-23 00:33:48 +0000"
    },
    "done": true
  },
  "minecraft:recipes/tools/shears": {
    "criteria": {
      "has_iron_ingot": "2024-05-23 00:33:48 +0000"
    },
    "done": true
  },
  "expanded_combat:recipes/combat/iron_mace_conditional_shaped": {
    "criteria": {
      "has_item": "2024-05-23 00:33:48 +0000"
    },
    "done": true
  },
  "expanded_combat:recipes/combat/iron_bow_conditional_shaped": {
    "criteria": {
      "has_item": "2024-05-23 00:33:48 +0000"
    },
    "done": true
  },
  "expanded_combat:recipes/combat/iron_crossbow_conditional_shaped": {
    "criteria": {
      "has_item": "2024-05-23 00:33:48 +0000"
    },
    "done": true
  },
  "minecraft:recipes/decorations/chain": {
    "criteria": {
      "has_iron_ingot": "2024-05-23 00:33:48 +0000"
    },
    "done": true
  },
  "minecraft:recipes/building_blocks/iron_block": {
    "criteria": {
      "has_iron_ingot": "2024-05-23 00:33:48 +0000"
    },
    "done": true
  },
  "farmersdelight:recipes/decorations/cooking_pot": {
    "criteria": {
      "has_iron_ingot": "2024-05-23 00:33:48 +0000"
    },
    "done": true
  },
  "minecraft:recipes/decorations/smithing_table": {
    "criteria": {
      "has_iron_ingot": "2024-05-23 00:33:48 +0000"
    },
    "done": true
  },
  "expanded_combat:recipes/combat/iron_gauntlet_conditional_shaped": {
    "criteria": {
      "has_item": "2024-05-23 00:33:48 +0000"
    },
    "done": true
  },
  "expanded_combat:recipes/combat/iron_spear_conditional_shaped": {
    "criteria": {
      "has_item": "2024-05-23 00:33:48 +0000"
    },
    "done": true
  },
  "expanded_combat:recipes/combat/iron_broad_sword_conditional_shaped": {
    "criteria": {
      "has_item": "2024-05-23 00:33:48 +0000"
    },
    "done": true
  },
  "minecraft:recipes/combat/iron_sword": {
    "criteria": {
      "has_iron_ingot": "2024-05-23 00:33:48 +0000"
    },
    "done": true
  },
  "minecraft:recipes/tools/iron_pickaxe": {
    "criteria": {
      "has_iron_ingot": "2024-05-23 00:33:48 +0000"
    },
    "done": true
  },
  "minecraft:recipes/combat/shield": {
    "criteria": {
      "has_iron_ingot": "2024-05-23 00:33:48 +0000"
    },
    "done": true
  },
  "expanded_combat:recipes/combat/iron_flail_conditional_shaped": {
    "criteria": {
      "has_item": "2024-05-23 00:33:48 +0000"
    },
    "done": true
  },
  "minecraft:recipes/redstone/hopper": {
    "criteria": {
      "has_iron_ingot": "2024-05-23 00:33:48 +0000"
    },
    "done": true
  },
  "travelersbackpack:recipes/misc/iron": {
    "criteria": {
      "has_iron_ingot": "2024-05-23 00:33:48 +0000"
    },
    "done": true
  },
  "minecraft:recipes/decorations/iron_bars": {
    "criteria": {
      "has_iron_ingot": "2024-05-23 00:33:48 +0000"
    },
    "done": true
  },
  "travelersbackpack:recipes/misc/iron_tier_upgrade": {
    "criteria": {
      "has_iron_ingot": "2024-05-23 00:33:48 +0000"
    },
    "done": true
  },
  "minecraft:recipes/combat/iron_boots": {
    "criteria": {
      "has_iron_ingot": "2024-05-23 00:33:48 +0000"
    },
    "done": true
  },
  "travelersbackpack:recipes/misc/hose_nozzle": {
    "criteria": {
      "has_iron": "2024-05-23 00:33:48 +0000"
    },
    "done": true
  },
  "expanded_combat:recipes/combat/iron_great_hammer_conditional_shaped": {
    "criteria": {
      "has_item": "2024-05-23 00:33:48 +0000"
    },
    "done": true
  },
  "expanded_combat:recipes/combat/half_iron_bow_conditional_120_smithing": {
    "criteria": {
      "has_item": "2024-05-23 00:33:48 +0000"
    },
    "done": true
  },
  "minecraft:recipes/decorations/lantern": {
    "criteria": {
      "has_iron_ingot": "2024-05-23 00:33:48 +0000"
    },
    "done": true
  },
  "minecraft:recipes/tools/iron_shovel": {
    "criteria": {
      "has_iron_ingot": "2024-05-23 00:33:48 +0000"
    },
    "done": true
  },
  "nethersdelight:recipes/tools/iron_machete": {
    "criteria": {
      "has_iron_ingot": "2024-05-23 00:33:48 +0000"
    },
    "done": true
  },
  "expanded_combat:recipes/combat/iron_claymore_conditional_shaped": {
    "criteria": {
      "has_item": "2024-05-23 00:33:48 +0000"
    },
    "done": true
  },
  "expanded_combat:recipes/combat/iron_quiver_conditional_shaped": {
    "criteria": {
      "has_item": "2024-05-23 00:33:48 +0000"
    },
    "done": true
  },
  "minecraft:recipes/redstone/iron_trapdoor": {
    "criteria": {
      "has_iron_ingot": "2024-05-23 00:33:48 +0000"
    },
    "done": true
  },
  "minecraft:recipes/tools/iron_axe": {
    "criteria": {
      "has_iron_ingot": "2024-05-23 00:33:48 +0000"
    },
    "done": true
  },
  "minecraft:recipes/combat/crossbow": {
    "criteria": {
      "has_iron_ingot": "2024-05-23 00:33:48 +0000"
    },
    "done": true
  },
  "farmersdelight:recipes/combat/iron_knife": {
    "criteria": {
      "has_iron_ingot": "2024-05-23 00:33:48 +0000"
    },
    "done": true
  },
  "expanded_combat:recipes/combat/iron_katana_conditional_shaped": {
    "criteria": {
      "has_item": "2024-05-23 00:33:48 +0000"
    },
    "done": true
  },
  "expanded_combat:recipes/combat/iron_scythe_conditional_shaped": {
    "criteria": {
      "has_item": "2024-05-23 00:33:48 +0000"
    },
    "done": true
  },
  "minecraft:recipes/redstone/iron_door": {
    "criteria": {
      "has_iron_ingot": "2024-05-23 00:33:48 +0000"
    },
    "done": true
  },
  "minecraft:recipes/redstone/heavy_weighted_pressure_plate": {
    "criteria": {
      "has_iron_ingot": "2024-05-23 00:33:48 +0000"
    },
    "done": true
  },
  "minecraft:recipes/decorations/ladder": {
    "criteria": {
      "has_stick": "2024-05-23 00:34:06 +0000"
    },
    "done": true
  },
  "phantasm:recipes/tools/crystalline_axe": {
    "criteria": {
      "has_stick": "2024-05-23 00:34:06 +0000"
    },
    "done": true
  },
  "muffins_thaidelight:recipes/tools/crafting/mortar": {
    "criteria": {
      "has_stick": "2024-05-23 00:34:06 +0000"
    },
    "done": true
  },
  "phantasm:recipes/tools/crystalline_shovel": {
    "criteria": {
      "has_stick": "2024-05-23 00:34:06 +0000"
    },
    "done": true
  },
  "crabbersdelight:recipes/decorations/crab_trap": {
    "criteria": {
      "has_stick": "2024-05-23 00:34:06 +0000"
    },
    "done": true
  },
  "farmersdelight:recipes/combat/flint_knife": {
    "criteria": {
      "has_stick": "2024-05-23 00:34:06 +0000"
    },
    "done": true
  },
  "expanded_combat:recipes/combat/iron_stick_conditional_shaped": {
    "criteria": {
      "has_item": "2024-05-23 00:34:06 +0000"
    },
    "done": true
  },
  "minecraft:recipes/tools/wooden_axe": {
    "criteria": {
      "has_stick": "2024-05-23 00:34:06 +0000"
    },
    "done": true
  },
  "phantasm:recipes/combat/crystalline_sword": {
    "criteria": {
      "has_stick": "2024-05-23 00:34:06 +0000"
    },
    "done": true
  },
  "phantasm:recipes/tools/crystalline_pickaxe": {
    "criteria": {
      "has_stick": "2024-05-23 00:34:06 +0000"
    },
    "done": true
  },
  "minecraft:recipes/decorations/campfire": {
    "criteria": {
      "has_stick": "2024-05-23 00:34:06 +0000"
    },
    "done": true
  },
  "minecraft:recipes/tools/wooden_hoe": {
    "criteria": {
      "has_stick": "2024-05-23 00:34:06 +0000"
    },
    "done": true
  },
  "minecraft:recipes/tools/wooden_pickaxe": {
    "criteria": {
      "has_stick": "2024-05-23 00:34:06 +0000"
    },
    "done": true
  },
  "phantasm:recipes/tools/crystalline_hoe": {
    "criteria": {
      "has_stick": "2024-05-23 00:34:06 +0000"
    },
    "done": true
  },
  "minecraft:recipes/tools/wooden_shovel": {
    "criteria": {
      "has_stick": "2024-05-23 00:34:06 +0000"
    },
    "done": true
  },
  "minecraft:recipes/combat/wooden_sword": {
    "criteria": {
      "has_stick": "2024-05-23 00:34:06 +0000"
    },
    "done": true
  },
  "farmersdelight:recipes/decorations/cutting_board": {
    "criteria": {
      "has_stick": "2024-05-23 00:34:06 +0000"
    },
    "done": true
  },
  "minecraft:recipes/misc/iron_nugget_from_smelting": {
    "criteria": {
      "has_iron_sword": "2024-05-23 00:34:14 +0000"
    },
    "done": true
  },
  "minecraft:recipes/misc/iron_nugget_from_blasting": {
    "criteria": {
      "has_iron_sword": "2024-05-23 00:34:14 +0000"
    },
    "done": true
  },
  "minecraft:story/iron_tools": {
    "criteria": {
      "iron_pickaxe": "2024-05-23 00:34:29 +0000"
    },
    "done": true
  },
  "minecraft:story/obtain_armor": {
    "criteria": {
      "iron_chestplate": "2024-05-23 00:34:39 +0000"
    },
    "done": true
  },
  "farmersdelight:recipes/food/wheat_dough_from_eggs": {
    "criteria": {
      "has_wheat": "2024-05-23 00:35:09 +0000"
    },
    "done": true
  },
  "minecraft:recipes/decorations/chest": {
    "criteria": {
      "has_lots_of_items": "2024-05-23 00:35:09 +0000"
    },
    "done": true
  },
  "farmersdelight:recipes/food/wheat_dough_from_water": {
    "criteria": {
      "has_wheat": "2024-05-23 00:35:09 +0000"
    },
    "done": true
  },
  "minecraft:recipes/food/bread": {
    "criteria": {
      "has_wheat": "2024-05-23 00:35:09 +0000"
    },
    "done": true
  },
  "minecraft:recipes/building_blocks/hay_block": {
    "criteria": {
      "has_wheat": "2024-05-23 00:35:09 +0000"
    },
    "done": true
  },
  "farmersdelight:recipes/food/pie_crust": {
    "criteria": {
      "has_wheat": "2024-05-23 00:35:09 +0000"
    },
    "done": true
  },
  "travelersbackpack:recipes/misc/hay": {
    "criteria": {
      "has_wheat": "2024-05-23 00:35:09 +0000"
    },
    "done": true
  },
  "farmersdelight:main/plant_all_crops": {
    "criteria": {
      "potato": "2024-05-23 00:45:49 +0000",
      "wheat": "2024-05-23 00:35:13 +0000",
      "pumpkin": "2024-05-23 23:45:34 +0000",
      "carrot": "2024-05-23 00:45:31 +0000"
    },
    "done": false
  },
  "minecraft:husbandry/plant_seed": {
    "criteria": {
      "wheat": "2024-05-23 00:35:13 +0000"
    },
    "done": true
  },
  "farmersdelight:recipes/cooking/rabbit_stew": {
    "criteria": {
      "has_any_ingredient": "2024-05-23 00:36:21 +0000"
    },
    "done": true
  },
  "farmersdelight:recipes/cooking/chicken_soup": {
    "criteria": {
      "has_any_ingredient": "2024-05-23 00:36:21 +0000"
    },
    "done": true
  },
  "farmersdelight:recipes/cooking/vegetable_noodles": {
    "criteria": {
      "has_any_ingredient": "2024-05-23 00:36:21 +0000"
    },
    "done": true
  },
  "farmersdelight:recipes/cooking/fried_rice": {
    "criteria": {
      "has_any_ingredient": "2024-05-23 00:36:21 +0000"
    },
    "done": true
  },
  "farmersdelight:recipes/cooking/beef_stew": {
    "criteria": {
      "has_any_ingredient": "2024-05-23 00:36:21 +0000"
    },
    "done": true
  },
  "minecraft:recipes/transportation/carrot_on_a_stick": {
    "criteria": {
      "has_carrot": "2024-05-23 00:36:21 +0000"
    },
    "done": true
  },
  "muffins_thaidelight:recipes/crab_fried_rice": {
    "criteria": {
      "has_any_ingredient": "2024-05-23 00:36:21 +0000"
    },
    "done": true
  },
  "farmersdelight:recipes/cooking/vegetable_soup": {
    "criteria": {
      "has_any_ingredient": "2024-05-23 00:36:21 +0000"
    },
    "done": true
  },
  "minecraft:husbandry/root": {
    "criteria": {
      "consumed_item": "2024-05-23 00:36:27 +0000"
    },
    "done": true
  },
  "minecraft:husbandry/balanced_diet": {
    "criteria": {
      "apple": "2024-05-23 00:55:57 +0000",
      "potato": "2024-05-23 00:58:51 +0000",
      "carrot": "2024-05-23 00:36:27 +0000"
    },
    "done": false
  },
  "trashcans:recipes/misc/liquid_trash_can": {
    "criteria": {
      "recipe_condition": "2024-05-23 00:36:38 +0000"
    },
    "done": true
  },
  "minecraft:recipes/brewing/cauldron": {
    "criteria": {
      "has_water_bucket": "2024-05-23 00:38:03 +0000"
    },
    "done": true
  },
  "minecraft:recipes/misc/yellow_dye_from_dandelion": {
    "criteria": {
      "has_dandelion": "2024-05-23 00:40:18 +0000"
    },
    "done": true
  },
  "minecraft:recipes/food/beetroot_soup": {
    "criteria": {
      "has_beetroot": "2024-05-23 00:42:30 +0000"
    },
    "done": true
  },
  "minecraft:recipes/misc/red_dye_from_beetroot": {
    "criteria": {
      "has_beetroot": "2024-05-23 00:42:30 +0000"
    },
    "done": true
  },
  "farmersdelight:recipes/cooking/ratatouille": {
    "criteria": {
      "has_any_ingredient": "2024-05-23 00:42:30 +0000"
    },
    "done": true
  },
  "farmersdelight:recipes/cooking/beetroot_soup": {
    "criteria": {
      "has_beetroot": "2024-05-23 00:42:30 +0000"
    },
    "done": true
  },
  "minecraft:recipes/food/baked_potato_from_campfire_cooking": {
    "criteria": {
      "has_potato": "2024-05-23 00:42:33 +0000"
    },
    "done": true
  },
  "minecraft:recipes/food/baked_potato": {
    "criteria": {
      "has_potato": "2024-05-23 00:42:33 +0000"
    },
    "done": true
  },
  "farmersdelight:recipes/cooking/baked_cod_stew": {
    "criteria": {
      "has_any_ingredient": "2024-05-23 00:42:33 +0000"
    },
    "done": true
  },
  "minecraft:recipes/food/baked_potato_from_smoking": {
    "criteria": {
      "has_potato": "2024-05-23 00:42:33 +0000"
    },
    "done": true
  },
  "minecraft:recipes/misc/light_gray_dye_from_azure_bluet": {
    "criteria": {
      "has_azure_bluet": "2024-05-23 00:47:23 +0000"
    },
    "done": true
  },
  "miners_delight:recipes/food/baked_squid_smoking": {
    "criteria": {
      "has_squid": "2024-05-23 00:49:41 +0000"
    },
    "done": true
  },
  "miners_delight:recipes/food/squid_sandwich": {
    "criteria": {
      "has_squid": "2024-05-23 00:49:41 +0000"
    },
    "done": true
  },
  "miners_delight:recipes/food/baked_squid_campfire": {
    "criteria": {
      "has_squid": "2024-05-23 00:49:41 +0000"
    },
    "done": true
  },
  "miners_delight:recipes/cooking/takoyaki": {
    "criteria": {
      "has_squid": "2024-05-23 00:49:41 +0000"
    },
    "done": true
  },
  "miners_delight:recipes/food/baked_squid": {
    "criteria": {
      "has_squid": "2024-05-23 00:49:41 +0000"
    },
    "done": true
  },
  "miners_delight:recipes/cooking/stuffed_squid": {
    "criteria": {
      "has_any_ingredient": "2024-05-23 00:49:41 +0000"
    },
    "done": true
  },
  "minecraft:adventure/sleep_in_bed": {
    "criteria": {
      "slept_in_bed": "2024-05-23 00:53:17 +0000"
    },
    "done": true
  },
  "farmersdelight:recipes/cooking/apple_cider": {
    "criteria": {
      "has_apple": "2024-05-23 00:54:26 +0000"
    },
    "done": true
  },
  "minecraft:recipes/building_blocks/cherry_planks": {
    "criteria": {
      "has_log": "2024-05-23 01:05:57 +0000"
    },
    "done": true
  },
  "minecraft:recipes/building_blocks/cherry_wood": {
    "criteria": {
      "has_log": "2024-05-23 01:05:57 +0000"
    },
    "done": true
  },
  "minecraft:adventure/kill_all_mobs": {
    "criteria": {
      "minecraft:spider": "2024-05-23 16:30:06 +0000"
    },
    "done": false
  },
  "minecraft:adventure/root": {
    "criteria": {
      "killed_something": "2024-05-23 16:30:06 +0000"
    },
    "done": true
  },
  "minecraft:adventure/kill_a_mob": {
    "criteria": {
      "minecraft:spider": "2024-05-23 16:30:06 +0000"
    },
    "done": true
  },
  "minecraft:recipes/combat/bow": {
    "criteria": {
      "has_string": "2024-05-23 16:30:07 +0000"
    },
    "done": true
  },
  "minecraft:recipes/tools/fishing_rod": {
    "criteria": {
      "has_string": "2024-05-23 16:30:07 +0000"
    },
    "done": true
  },
  "minecraft:recipes/redstone/tripwire_hook": {
    "criteria": {
      "has_string": "2024-05-23 16:30:07 +0000"
    },
    "done": true
  },
  "travelersbackpack:recipes/misc/spider": {
    "criteria": {
      "has_string": "2024-05-23 16:30:07 +0000"
    },
    "done": true
  },
  "minecraft:recipes/decorations/candle": {
    "criteria": {
      "has_string": "2024-05-23 16:30:07 +0000"
    },
    "done": true
  },
  "minecraft:recipes/building_blocks/white_wool_from_string": {
    "criteria": {
      "has_string": "2024-05-23 16:30:07 +0000"
    },
    "done": true
  },
  "minecraft:recipes/decorations/loom": {
    "criteria": {
      "has_string": "2024-05-23 16:30:07 +0000"
    },
    "done": true
  },
  "minecraft:husbandry/breed_an_animal": {
    "criteria": {
      "bred": "2024-05-23 19:13:09 +0000"
    },
    "done": true
  },
  "minecraft:husbandry/bred_all_animals": {
    "criteria": {
      "minecraft:sheep": "2024-05-23 19:13:11 +0000",
      "minecraft:cow": "2024-05-23 19:13:09 +0000"
    },
    "done": false
  },
  "minecraft:recipes/redstone/lever": {
    "criteria": {
      "has_cobblestone": "2024-05-23 19:13:44 +0000"
    },
    "done": true
  },
  "minecraft:recipes/combat/stone_sword": {
    "criteria": {
      "has_cobblestone": "2024-05-23 19:13:44 +0000"
    },
    "done": true
  },
  "minecraft:recipes/decorations/cobblestone_wall": {
    "criteria": {
      "has_cobblestone": "2024-05-23 19:13:44 +0000"
    },
    "done": true
  },
  "minecraft:recipes/tools/stone_axe": {
    "criteria": {
      "has_cobblestone": "2024-05-23 19:13:44 +0000"
    },
    "done": true
  },
  "minecraft:story/mine_stone": {
    "criteria": {
      "get_stone": "2024-05-23 19:13:44 +0000"
    },
    "done": true
  },
  "minecraft:recipes/decorations/furnace": {
    "criteria": {
      "has_cobblestone": "2024-05-23 19:13:44 +0000"
    },
    "done": true
  },
  "minecraft:recipes/building_blocks/cobblestone_slab_from_cobblestone_stonecutting": {
    "criteria": {
      "has_cobblestone": "2024-05-23 19:13:44 +0000"
    },
    "done": true
  },
  "minecraft:recipes/building_blocks/stone": {
    "criteria": {
      "has_cobblestone": "2024-05-23 19:13:44 +0000"
    },
    "done": true
  },
  "minecraft:recipes/tools/stone_pickaxe": {
    "criteria": {
      "has_cobblestone": "2024-05-23 19:13:44 +0000"
    },
    "done": true
  },
  "minecraft:recipes/building_blocks/cobblestone_slab": {
    "criteria": {
      "has_cobblestone": "2024-05-23 19:13:44 +0000"
    },
    "done": true
  },
  "minecraft:recipes/decorations/cobblestone_wall_from_cobblestone_stonecutting": {
    "criteria": {
      "has_cobblestone": "2024-05-23 19:13:44 +0000"
    },
    "done": true
  },
  "minecraft:recipes/building_blocks/cobblestone_stairs_from_cobblestone_stonecutting": {
    "criteria": {
      "has_cobblestone": "2024-05-23 19:13:44 +0000"
    },
    "done": true
  },
  "minecraft:recipes/building_blocks/cobblestone_stairs": {
    "criteria": {
      "has_cobblestone": "2024-05-23 19:13:44 +0000"
    },
    "done": true
  },
  "minecraft:recipes/tools/stone_hoe": {
    "criteria": {
      "has_cobblestone": "2024-05-23 19:13:44 +0000"
    },
    "done": true
  },
  "minecraft:recipes/tools/stone_shovel": {
    "criteria": {
      "has_cobblestone": "2024-05-23 19:13:44 +0000"
    },
    "done": true
  },
  "minecraft:recipes/building_blocks/mossy_cobblestone_stairs_from_mossy_cobblestone_stonecutting": {
    "criteria": {
      "has_mossy_cobblestone": "2024-05-23 19:13:56 +0000"
    },
    "done": true
  },
  "minecraft:recipes/building_blocks/mossy_cobblestone_slab": {
    "criteria": {
      "has_mossy_cobblestone": "2024-05-23 19:13:56 +0000"
    },
    "done": true
  },
  "minecraft:recipes/building_blocks/mossy_cobblestone_stairs": {
    "criteria": {
      "has_mossy_cobblestone": "2024-05-23 19:13:56 +0000"
    },
    "done": true
  },
  "minecraft:recipes/decorations/mossy_cobblestone_wall": {
    "criteria": {
      "has_mossy_cobblestone": "2024-05-23 19:13:56 +0000"
    },
    "done": true
  },
  "minecraft:recipes/building_blocks/mossy_cobblestone_slab_from_mossy_cobblestone_stonecutting": {
    "criteria": {
      "has_mossy_cobblestone": "2024-05-23 19:13:56 +0000"
    },
    "done": true
  },
  "minecraft:recipes/decorations/mossy_cobblestone_wall_from_mossy_cobblestone_stonecutting": {
    "criteria": {
      "has_mossy_cobblestone": "2024-05-23 19:13:56 +0000"
    },
    "done": true
  },
  "travelersbackpack:recipes/decorations/yellow_sleeping_bag": {
    "criteria": {
      "has_yellow_wool": "2024-05-23 19:14:22 +0000"
    },
    "done": true
  },
  "minecraft:recipes/decorations/painting": {
    "criteria": {
      "has_wool": "2024-05-23 19:14:22 +0000"
    },
    "done": true
  },
  "minecraft:recipes/decorations/yellow_bed": {
    "criteria": {
      "has_yellow_wool": "2024-05-23 19:14:22 +0000"
    },
    "done": true
  },
  "minecraft:recipes/decorations/yellow_banner": {
    "criteria": {
      "has_yellow_wool": "2024-05-23 19:14:22 +0000"
    },
    "done": true
  },
  "minecraft:recipes/decorations/yellow_carpet": {
    "criteria": {
      "has_yellow_wool": "2024-05-23 19:14:22 +0000"
    },
    "done": true
  },
  "minecraft:recipes/decorations/composter": {
    "criteria": {
      "has_wood_slab": "2024-05-23 19:14:27 +0000"
    },
    "done": true
  },
  "travelersbackpack:recipes/misc/coal": {
    "criteria": {
      "has_coal": "2024-05-23 20:05:51 +0000"
    },
    "done": true
  },
  "minecraft:recipes/building_blocks/coal_block": {
    "criteria": {
      "has_coal": "2024-05-23 20:05:51 +0000"
    },
    "done": true
  },
  "minecraft:recipes/decorations/torch": {
    "criteria": {
      "has_the_recipe": "2024-05-23 20:06:04 +0000"
    },
    "done": true
  },
  "expanded_combat:recipes/combat/cherry_plank_mace_conditional_shaped": {
    "criteria": {
      "has_item": "2024-05-23 20:15:09 +0000"
    },
    "done": true
  },
  "expanded_combat:recipes/combat/cherry_plank_dancer_s_sword_conditional_shaped": {
    "criteria": {
      "has_item": "2024-05-23 20:15:09 +0000"
    },
    "done": true
  },
  "minecraft:recipes/building_blocks/cherry_slab": {
    "criteria": {
      "has_planks": "2024-05-23 20:15:09 +0000"
    },
    "done": true
  },
  "expanded_combat:recipes/combat/cherry_plank_claymore_conditional_shaped": {
    "criteria": {
      "has_item": "2024-05-23 20:15:09 +0000"
    },
    "done": true
  },
  "expanded_combat:recipes/combat/cherry_plank_spear_conditional_shaped": {
    "criteria": {
      "has_item": "2024-05-23 20:15:09 +0000"
    },
    "done": true
  },
  "minecraft:recipes/decorations/cherry_fence": {
    "criteria": {
      "has_planks": "2024-05-23 20:15:09 +0000"
    },
    "done": true
  },
  "minecraft:recipes/building_blocks/cherry_stairs": {
    "criteria": {
      "has_planks": "2024-05-23 20:15:09 +0000"
    },
    "done": true
  },
  "minecraft:recipes/redstone/cherry_trapdoor": {
    "criteria": {
      "has_planks": "2024-05-23 20:15:09 +0000"
    },
    "done": true
  },
  "minecraft:recipes/redstone/cherry_button": {
    "criteria": {
      "has_planks": "2024-05-23 20:15:09 +0000"
    },
    "done": true
  },
  "expanded_combat:recipes/combat/cherry_plank_cutlass_conditional_shaped": {
    "criteria": {
      "has_item": "2024-05-23 20:15:09 +0000"
    },
    "done": true
  },
  "expanded_combat:recipes/combat/cherry_plank_flail_conditional_shaped": {
    "criteria": {
      "has_item": "2024-05-23 20:15:09 +0000"
    },
    "done": true
  },
  "expanded_combat:recipes/combat/cherry_plank_sickle_conditional_shaped": {
    "criteria": {
      "has_item": "2024-05-23 20:15:09 +0000"
    },
    "done": true
  },
  "expanded_combat:recipes/combat/cherry_plank_katana_conditional_shaped": {
    "criteria": {
      "has_item": "2024-05-23 20:15:09 +0000"
    },
    "done": true
  },
  "minecraft:recipes/redstone/cherry_fence_gate": {
    "criteria": {
      "has_planks": "2024-05-23 20:15:09 +0000"
    },
    "done": true
  },
  "expanded_combat:recipes/combat/cherry_plank_glaive_conditional_shaped": {
    "criteria": {
      "has_item": "2024-05-23 20:15:09 +0000"
    },
    "done": true
  },
  "minecraft:recipes/decorations/cherry_sign": {
    "criteria": {
      "has_planks": "2024-05-23 20:15:09 +0000"
    },
    "done": true
  },
  "expanded_combat:recipes/combat/cherry_plank_dagger_conditional_shaped": {
    "criteria": {
      "has_item": "2024-05-23 20:15:09 +0000"
    },
    "done": true
  },
  "minecraft:recipes/redstone/cherry_pressure_plate": {
    "criteria": {
      "has_planks": "2024-05-23 20:15:09 +0000"
    },
    "done": true
  },
  "expanded_combat:recipes/combat/cherry_plank_great_hammer_conditional_shaped": {
    "criteria": {
      "has_item": "2024-05-23 20:15:09 +0000"
    },
    "done": true
  },
  "expanded_combat:recipes/combat/cherry_plank_scythe_conditional_shaped": {
    "criteria": {
      "has_item": "2024-05-23 20:15:09 +0000"
    },
    "done": true
  },
  "expanded_combat:recipes/combat/cherry_plank_broad_sword_conditional_shaped": {
    "criteria": {
      "has_item": "2024-05-23 20:15:09 +0000"
    },
    "done": true
  },
  "expanded_combat:recipes/combat/cherry_plank_battle_staff_conditional_shaped": {
    "criteria": {
      "has_item": "2024-05-23 20:15:09 +0000"
    },
    "done": true
  },
  "minecraft:recipes/redstone/cherry_door": {
    "criteria": {
      "has_planks": "2024-05-23 20:15:09 +0000"
    },
    "done": true
  },
  "travelersbackpack:recipes/misc/standard": {
    "criteria": {
      "has_chest": "2024-05-23 20:15:19 +0000"
    },
    "done": true
  },
  "trashcans:recipes/misc/item_trash_can": {
    "criteria": {
      "recipe_condition": "2024-05-23 20:15:19 +0000"
    },
    "done": true
  },
  "travelersbackpack:recipes/misc/blank_upgrade": {
    "criteria": {
      "has_chest": "2024-05-23 20:15:19 +0000"
    },
    "done": true
  },
  "minecraft:recipes/misc/bone_meal": {
    "criteria": {
      "has_bone": "2024-05-23 21:10:11 +0000"
    },
    "done": true
  },
  "farmersdelight:recipes/cooking/bone_broth": {
    "criteria": {
      "has_bone": "2024-05-23 21:10:11 +0000"
    },
    "done": true
  },
  "travelersbackpack:recipes/misc/wolf": {
    "criteria": {
      "has_bone": "2024-05-23 21:10:11 +0000"
    },
    "done": true
  },
  "minecraft:recipes/decorations/snow": {
    "criteria": {
      "has_snowball": "2024-05-23 23:38:24 +0000"
    },
    "done": true
  },
  "travelersbackpack:recipes/misc/snow": {
    "criteria": {
      "has_snowball": "2024-05-23 23:38:24 +0000"
    },
    "done": true
  },
  "minecraft:recipes/building_blocks/snow_block": {
    "criteria": {
      "has_snowball": "2024-05-23 23:38:24 +0000"
    },
    "done": true
  },
  "farmersdelight:recipes/cooking/stuffed_pumpkin_block": {
    "criteria": {
      "has_pumpkin": "2024-05-23 23:43:49 +0000"
    },
    "done": true
  },
  "minecraft:recipes/misc/pumpkin_seeds": {
    "criteria": {
      "has_pumpkin": "2024-05-23 23:43:49 +0000"
    },
    "done": true
  },
  "farmersdelight:recipes/cooking/pumpkin_soup": {
    "criteria": {
      "has_any_ingredient": "2024-05-23 23:43:49 +0000"
    },
    "done": true
  },
  "minecraft:recipes/building_blocks/jack_o_lantern": {
    "criteria": {
      "has_carved_pumpkin": "2024-05-23 23:45:13 +0000"
    },
    "done": true
  },
  "travelersbackpack:recipes/misc/pumpkin": {
    "criteria": {
      "has_pumpkin": "2024-05-23 23:43:49 +0000"
    },
    "done": true
  },
  "minecraft:recipes/food/pumpkin_pie": {
    "criteria": {
      "has_pumpkin": "2024-05-23 23:43:49 +0000"
    },
    "done": true
  },
  "DataVersion": 3465
}