{
  "minecraft:recipes/misc/iron_nugget_from_smelting": {
    "criteria": {
      "has_iron_sword": "2024-05-24 01:59:32 +0000"
    },
    "done": true
  },
  "alexsmobs:alexsmobs/root": {
    "criteria": {
      "useitem": "2024-05-24 01:52:35 +0000"
    },
    "done": true
  },
  "repurposed_structures:root": {
    "criteria": {
      "always": "2024-05-24 01:51:57 +0000"
    },
    "done": true
  },
  "minecraft:recipes/decorations/crafting_table": {
    "criteria": {
      "unlock_right_away": "2024-05-24 01:51:57 +0000"
    },
    "done": true
  },
  "muffins_thaidelight:root": {
    "criteria": {
      "seeds": "2024-05-24 01:51:57 +0000"
    },
    "done": true
  },
  "minecraft:husbandry/root": {
    "criteria": {
      "consumed_item": "2024-05-24 01:52:35 +0000"
    },
    "done": true
  },
  "betterdeserttemples:root": {
    "criteria": {
      "always": "2024-05-24 01:51:57 +0000"
    },
    "done": true
  },
  "cataclysm:root": {
    "criteria": {
      "custom_test_name": "2024-05-24 01:51:57 +0000"
    },
    "done": true
  },
  "silentsdelight:main/root": {
    "criteria": {
      "sculk": "2024-05-24 01:51:57 +0000"
    },
    "done": true
  },
  "crabbersdelight:main/root": {
    "criteria": {
      "seeds": "2024-05-24 01:51:57 +0000"
    },
    "done": true
  },
  "farmersdelight:main/root": {
    "criteria": {
      "seeds": "2024-05-24 01:51:57 +0000"
    },
    "done": true
  },
  "minecraft:recipes/misc/iron_nugget_from_blasting": {
    "criteria": {
      "has_iron_sword": "2024-05-24 01:59:32 +0000"
    },
    "done": true
  },
  "betterdungeons:root": {
    "criteria": {
      "always": "2024-05-24 01:51:57 +0000"
    },
    "done": true
  },
  "minecraft:adventure/adventuring_time": {
    "criteria": {
      "minecraft:beach": "2024-05-24 01:56:38 +0000",
      "minecraft:forest": "2024-05-24 01:55:04 +0000",
      "minecraft:windswept_savanna": "2024-05-24 01:57:30 +0000",
      "minecraft:old_growth_birch_forest": "2024-05-24 01:58:11 +0000",
      "minecraft:plains": "2024-05-24 01:51:58 +0000"
    },
    "done": false
  },
  "DataVersion": 3465
}