{
  "minecraft:recipes/decorations/crafting_table": {
    "criteria": {
      "unlock_right_away": "2024-05-23 04:19:45 +0000"
    },
    "done": true
  },
  "minecraft:adventure/adventuring_time": {
    "criteria": {
      "minecraft:frozen_river": "2024-05-23 04:25:44 +0000",
      "minecraft:snowy_plains": "2024-05-23 04:22:29 +0000",
      "minecraft:snowy_taiga": "2024-05-23 04:20:55 +0000",
      "minecraft:forest": "2024-05-23 04:19:46 +0000"
    },
    "done": false
  },
  "DataVersion": 3465
}